label,message
spam,This is your boss. Urgent task — send ₹371 now to this link: https://oqlfskq.info/jkwvcgyh obypv
spam,You've been selected for a $1000 gift card. Confirm here: https://ppfxfzc.net/xstjyzfh btynn
spam,Your 2FA settings are outdated. Update here: https://keerukl.info/daytvwjr dwegm
spam,We detected unusual login attempt. Secure account: https://mbymrgc.com/bsubmazs gxozy
spam,You've been selected for a $1000 gift card. Confirm here: https://fotrrmy.org/hffzxfhx zjnau
spam,Meet local singles instantly. Start chat: https://gqshcdc.com/qtyoyqvu jselv
spam,You've been selected for a $1000 gift card. Confirm here: https://gysngoe.com/pzilswrk uojvu
spam,Congratulations! You've won a $500 Amazon gift card. Claim here https://oyslnzj.net/fqvghdyd vszed
spam,You are eligible for a refund due to overpayment. Claim: https://erecmdh.net/ilwjtxmy dcawn
spam,ACTION REQUIRED. Verify your bank account to avoid hold. https://ezvllst.info/gorhgqzz hyufr
spam,Your Netflix account is suspended. Update payment: https://kqjlfbu.net/gsrzxhxz vnfnr
spam,You've been selected for a $1000 gift card. Confirm here: https://cksogkv.org/giprpzou wdxbc
spam,You are eligible for a refund due to overpayment. Claim: https://ackxlsd.info/jlmmgffo nphei
spam,Congratulations! You've won a $500 Amazon gift card. Claim here https://ukhosxn.net/uopgihdd wodrx
spam,This is your boss. Urgent task — send ₹1485 now to this link: https://uxukwzg.info/clymxock kywhp
spam,"Exclusive adult content unlocked, verify age here: https://gxxsftz.net/rugoqswh hnmsj"
spam,Issue with your recent payment for order #3685. Fix now: https://itguklo.org/cviuzdlw vgjzw
spam,Thank you for payment! Claim your loyalty reward: https://ttflzlj.net/lxdwtibt uzozz
spam,Suspicious activity detected in your account. Review: https://anoeflw.info/uzijusmx qzwgj
spam,We detected unusual login attempt. Secure account: https://qbrwpyo.com/himfrfgh htoat
spam,"Exclusive adult content unlocked, verify age here: https://gyimhoq.com/ftxyhojd dzfsy"
spam,ACTION REQUIRED. Verify your bank account to avoid hold. https://gngtknq.org/ulvxfwtk lmcji
spam,You’re eligible for a government refund. Access it now: https://iytsehc.net/ufyeaepa qcsug
spam,You’re eligible for a government refund. Access it now: https://cacpbld.com/xkgakgby hywjn
spam,Final notice: unpaid toll detected. Resolve now: https://rkdyytt.org/gclgohna ouhqh
spam,ACTION REQUIRED. Verify your bank account to avoid hold. https://ypucses.info/gjvrnkph ehdbf
spam,"Hi Dad, I'm in trouble, need urgent money. Send here: https://oewdbnw.net/smijjljk grkmx"
spam,You are eligible for a refund due to overpayment. Claim: https://zaczgea.net/htvbwapl hygkd
spam,"Hi Dad, I'm in trouble, need urgent money. Send here: https://zrcfjlj.info/qdmkerft uzxop"
spam,ACTION REQUIRED. Verify your bank account to avoid hold. https://hzedqti.info/hchbfypi vfcad
spam,This is your boss. Urgent task — send ₹5123 now to this link: https://moazeya.com/yyaszodu xggaa
spam,Thank you for payment! Claim your loyalty reward: https://xrkfjcc.net/shddrpgy zgpgi
spam,You’re eligible for a government refund. Access it now: https://vwfidgl.info/bxzwampx zeljo
spam,You are eligible for a refund due to overpayment. Claim: https://mwkudvv.net/kznvoevc idbft
spam,ACTION REQUIRED. Verify your bank account to avoid hold. https://sissglp.org/kpiwopqm rmkgt
spam,Congratulations! You've won a $500 Amazon gift card. Claim here https://bhsnqoo.info/rufwfnvq wvbjb
spam,Congratulations! You've won a $500 Amazon gift card. Claim here https://ahqbcwk.info/nxmbiqyw kucmk
spam,Your 2FA settings are outdated. Update here: https://kdqtagi.org/zfwxyvvk znein
spam,Your parcel is pending customs fee of ₹4136. Pay here: https://whcnwvs.info/pnisdfia ondjy
spam,You’re eligible for a government refund. Access it now: https://sijsycm.com/exbjmrvc gzfnw
spam,Your 2FA settings are outdated. Update here: https://hlyuvhq.net/qqbevsio fcwdw
spam,Meet local singles instantly. Start chat: https://xlpixxh.com/hnkuvvjk qeiwg
spam,"Exclusive adult content unlocked, verify age here: https://cyoqxtd.info/zcfvruby mloey"
spam,Your 2FA settings are outdated. Update here: https://ffqxxbe.com/rocpiczt lgukh
spam,"Exclusive adult content unlocked, verify age here: https://epnzppz.com/jjajbtms twukh"
spam,We received your resume! Schedule interview at https://fhyjvfn.com/wzfdzrzs or call +9164888152 qdlwm
spam,Suspicious activity detected in your account. Review: https://ahkhfpc.org/ewaumiiw eoola
spam,We received your resume! Schedule interview at https://wbesomw.net/arshmtcx or call +9172139561 chned
spam,"Exclusive adult content unlocked, verify age here: https://ipfirnx.org/fqjetujz mbhqs"
spam,ACTION REQUIRED. Verify your bank account to avoid hold. https://zhmpsrg.net/jucjqnbn lmrqr
spam,You've been selected for a $1000 gift card. Confirm here: https://fukggmu.net/mefnmlvb ouigl
spam,You’re eligible for a government refund. Access it now: https://gnbklgj.com/aklndtwq ygjef
spam,Get delivery updates for order #3801. Track here https://vzxgskw.info/ielaheqe nkmbd
spam,Final notice: unpaid toll detected. Resolve now: https://izbcpns.org/ayvhbxvq znjbs
spam,Thank you for payment! Claim your loyalty reward: https://aiwrvwe.net/kxglxhdr bjepi
spam,"Hi Dad, I'm in trouble, need urgent money. Send here: https://drtpqnk.com/uhjzxzle xpdce"
spam,You’re eligible for a government refund. Access it now: https://umuhsnu.net/vcidaxzy veqwg
spam,ACTION REQUIRED. Verify your bank account to avoid hold. https://zkwctsm.info/egtwqcef cazvv
spam,Your parcel is pending customs fee of ₹5932. Pay here: https://qpjspee.org/ptfkfaga icqol
spam,Final notice: unpaid toll detected. Resolve now: https://owyqard.info/qxwnjdms xktvu
spam,You've been selected for a $1000 gift card. Confirm here: https://elkuyym.info/pdwrfouz qnqsb
spam,Issue with your recent payment for order #9398. Fix now: https://xqbenyt.info/zsiunfnj kdios
spam,Final notice: unpaid toll detected. Resolve now: https://pxuhbln.org/qguyufjs mbhms
spam,Suspicious activity detected in your account. Review: https://qriozvg.org/iaoohwrb mudzw
spam,Your Netflix account is suspended. Update payment: https://gzmovhp.info/trflmzwo nmpvo
spam,"Hi Dad, I'm in trouble, need urgent money. Send here: https://crulisu.net/jfhhiejy yspgv"
spam,"Exclusive adult content unlocked, verify age here: https://eripkqq.net/olpewlai hxkmf"
spam,You've been selected for a $1000 gift card. Confirm here: https://waxfyzf.net/rdmakgdh dqfft
spam,Final notice: unpaid toll detected. Resolve now: https://lxfrxmv.net/xyozikye hcmpz
spam,"Hi Dad, I'm in trouble, need urgent money. Send here: https://vjwviis.org/crrovluo wjbwo"
spam,You've been selected for a $1000 gift card. Confirm here: https://umtfadz.info/xfixtksl tnefr
spam,Your parcel is pending customs fee of ₹4150. Pay here: https://mpniqnl.info/cqlwwige xwbdc
spam,Your Netflix account is suspended. Update payment: https://mxfgyto.net/dxbdqifv qcouu
spam,We detected unusual login attempt. Secure account: https://fwwyhum.info/crgyxglc xlwvf
spam,ACTION REQUIRED. Verify your bank account to avoid hold. https://dewfkrd.net/fglxgkqj bsphe
spam,We detected unusual login attempt. Secure account: https://igltnfc.com/jcpfjvxi tqner
spam,"Exclusive adult content unlocked, verify age here: https://ygkfhxt.net/tcysgqvn lhdsk"
spam,Your credit score qualifies for zero‑interest Visa. Apply: https://dktckyv.net/uzuckgqh pxbso
spam,Thank you for payment! Claim your loyalty reward: https://diayauo.net/ysiutgjl exutu
spam,This is your boss. Urgent task — send ₹8666 now to this link: https://vmyrywy.org/spjjrksj jarfh
spam,We received your resume! Schedule interview at https://elzoybk.net/jfaewpjh or call +9160426408 zfzcl
spam,Your 2FA settings are outdated. Update here: https://ydxsull.info/ejxxlmyy uomyc
spam,"Hi Dad, I'm in trouble, need urgent money. Send here: https://rdqubzk.com/mqyvwciv zppir"
spam,Congratulations! You've won a $500 Amazon gift card. Claim here https://qjzvjlz.info/gklrbzti hjukh
spam,Congratulations! You've won a $500 Amazon gift card. Claim here https://ojcpuhy.net/ucmrscgg jegex
spam,We detected unusual login attempt. Secure account: https://iujdnha.net/mqzwxotj plhsq
spam,ACTION REQUIRED. Verify your bank account to avoid hold. https://wcoouss.info/givlijsu gnvwy
spam,You’re eligible for a government refund. Access it now: https://cdzukrf.com/bgsucgrs ejlcp
spam,We received your resume! Schedule interview at https://splomtj.info/tsrzgxav or call +9178421732 nsqxy
spam,"Hi Dad, I'm in trouble, need urgent money. Send here: https://jvkqcqy.org/cgrssasl urcmv"
spam,Issue with your recent payment for order #6396. Fix now: https://xydmjjn.com/xwbhntkb uhyyb
spam,Your credit score qualifies for zero‑interest Visa. Apply: https://bukiskb.com/smrzctep umetl
spam,We received your resume! Schedule interview at https://aujkxnc.com/hexjmive or call +9145303797 zlsyr
spam,ACTION REQUIRED. Verify your bank account to avoid hold. https://pqbatva.com/ebwgqkif mjvra
spam,ACTION REQUIRED. Verify your bank account to avoid hold. https://roabztl.com/sejcfwkg rzxai
spam,Meet local singles instantly. Start chat: https://dvxpusd.info/jhrkbkzg pudeu
spam,Meet local singles instantly. Start chat: https://ywamcuc.net/scpuzeam nzkqo
spam,"Hi Dad, I'm in trouble, need urgent money. Send here: https://adbfjyi.org/brysnefv urxsf"
spam,Issue with your recent payment for order #4718. Fix now: https://idxqjhj.info/hexhhpvd qoavj
spam,You are eligible for a refund due to overpayment. Claim: https://ryzxici.org/pttpaguy nxwvf
spam,You’re eligible for a government refund. Access it now: https://iekrryb.com/jykrjjxf betxs
spam,"Hi Dad, I'm in trouble, need urgent money. Send here: https://irxzwkk.org/tclpzkwu ubxyn"
spam,Your 2FA settings are outdated. Update here: https://jrojfmt.org/eydgzfql gixnn
spam,Your Netflix account is suspended. Update payment: https://opdvmje.com/bmwifilk vlfpe
spam,Get delivery updates for order #4014. Track here https://kqlclli.info/enoqypgi vtnsz
spam,ACTION REQUIRED. Verify your bank account to avoid hold. https://mlmderp.org/capnjpmm wreaa
spam,Your 2FA settings are outdated. Update here: https://cgicgvn.net/caljrlcr mkppp
spam,Thank you for payment! Claim your loyalty reward: https://zqmwurg.com/vcitlqgo gdtkt
spam,Suspicious activity detected in your account. Review: https://cnoyclt.net/hevrnqzu hgcjo
spam,You are eligible for a refund due to overpayment. Claim: https://qrfflvt.info/ootknwbt mzlrg
spam,Your 2FA settings are outdated. Update here: https://tyhipiu.org/sqenoanz kejuq
spam,Your parcel is pending customs fee of ₹1755. Pay here: https://zkduywa.net/owntfgcs ikpmx
spam,Congratulations! You've won a $500 Amazon gift card. Claim here https://lbwaqol.org/skvngzkk oipax
spam,Your credit score qualifies for zero‑interest Visa. Apply: https://bpeyqor.com/vvbmpmiy mfrsj
spam,You've been selected for a $1000 gift card. Confirm here: https://tlfobqi.com/gxvrhjvv hepws
spam,Your credit score qualifies for zero‑interest Visa. Apply: https://coesrke.com/oqbcjmhz xgaym
spam,Thank you for payment! Claim your loyalty reward: https://flmaurd.com/slleizwk ifzmd
spam,ACTION REQUIRED. Verify your bank account to avoid hold. https://iiqfbtf.info/hbbuyzao mkqid
spam,Final notice: unpaid toll detected. Resolve now: https://wtavwlk.com/tysskurj hthiw
spam,We received your resume! Schedule interview at https://jixhgag.com/pqdluqyz or call +9195637076 ccjmj
spam,Thank you for payment! Claim your loyalty reward: https://rlmsxda.info/hobyudru phbbk
spam,You've been selected for a $1000 gift card. Confirm here: https://fbldmjc.com/pxktavsu shwxj
spam,We received your resume! Schedule interview at https://vwpepba.com/lceexbtv or call +9131951177 rgrsw
spam,Issue with your recent payment for order #301. Fix now: https://inbjqzn.info/scbwhiku uorrs
spam,Thank you for payment! Claim your loyalty reward: https://qwurqrt.org/owgwjpmr pblip
spam,Suspicious activity detected in your account. Review: https://efyginp.info/ofdgwuij xaajz
spam,Your credit score qualifies for zero‑interest Visa. Apply: https://ishhdoa.info/flhapomp lhmbp
spam,Get delivery updates for order #2641. Track here https://juexewr.info/ohtsanzp ujtps
spam,You've been selected for a $1000 gift card. Confirm here: https://kmdpkgy.info/ylxcvkqo xwvsx
spam,"Exclusive adult content unlocked, verify age here: https://ltwbdli.org/mfoprduy jruzk"
spam,You've been selected for a $1000 gift card. Confirm here: https://kppxygw.org/nltxxpyk xtejx
spam,You are eligible for a refund due to overpayment. Claim: https://asyzlar.info/cpbivxkf hvsld
spam,"Exclusive adult content unlocked, verify age here: https://cubhpld.net/lkpwtrvb vlhfa"
spam,You’re eligible for a government refund. Access it now: https://nhrswvx.net/ioaifnlk cpfeo
spam,You've been selected for a $1000 gift card. Confirm here: https://sghzzxv.com/wsdejsvq ujhxs
spam,"Hi Dad, I'm in trouble, need urgent money. Send here: https://afijrdz.info/aqycgtux glkbr"
spam,You’re eligible for a government refund. Access it now: https://xbpootz.org/uaezfcci ugmtq
spam,This is your boss. Urgent task — send ₹620 now to this link: https://nuudafi.info/tgtpmszm bpoan
spam,You’re eligible for a government refund. Access it now: https://dpmdlkf.net/ihobjcrs xgkwh
spam,Your parcel is pending customs fee of ₹4277. Pay here: https://nkaovrf.net/qklgopjq awldy
spam,This is your boss. Urgent task — send ₹1538 now to this link: https://dwvdlij.com/slkwmlps kauum
spam,Suspicious activity detected in your account. Review: https://ussvlor.com/dmacefxs ehcsi
spam,Your Netflix account is suspended. Update payment: https://zfbsuss.net/uuuubijh ndteb
spam,Issue with your recent payment for order #3476. Fix now: https://nhoqtkq.net/zhkgbcsw deeyz
spam,Your Netflix account is suspended. Update payment: https://detqtuf.net/dcixkxqt unahu
spam,Thank you for payment! Claim your loyalty reward: https://qkhklhy.net/cqfsuztq wrntu
spam,Congratulations! You've won a $500 Amazon gift card. Claim here https://hxnsjju.com/mzydidge lsqpk
spam,Congratulations! You've won a $500 Amazon gift card. Claim here https://zevtcxw.org/rophdtyk begnc
spam,This is your boss. Urgent task — send ₹9144 now to this link: https://hrqobjv.net/iyqnhwza ounpp
spam,Issue with your recent payment for order #1109. Fix now: https://dmadsew.net/mycsmrui dxdvx
spam,Your Netflix account is suspended. Update payment: https://qwklapj.org/owngaawy rhkyr
spam,Your 2FA settings are outdated. Update here: https://iovajox.org/bbexhoem zivpb
spam,You've been selected for a $1000 gift card. Confirm here: https://ktqirop.net/paxrsxoe bpoqt
spam,You've been selected for a $1000 gift card. Confirm here: https://chnanqa.org/tvfvbtia myeva
spam,Your 2FA settings are outdated. Update here: https://vwecjss.info/pouyaixd wmuyh
spam,You are eligible for a refund due to overpayment. Claim: https://hxxgquk.org/aclnynio dkraq
spam,We received your resume! Schedule interview at https://yoebftv.net/fqrfxsll or call +9168246785 dkcrr
spam,You've been selected for a $1000 gift card. Confirm here: https://yqoaxyx.com/yhurwstt gxzma
spam,You’re eligible for a government refund. Access it now: https://ursuoyd.org/rnrkixcu khbnd
spam,Your parcel is pending customs fee of ₹3586. Pay here: https://lizrhet.org/lqddlwcb nckzd
spam,"Exclusive adult content unlocked, verify age here: https://gmyryqr.org/rbvmidqu lmmcg"
spam,This is your boss. Urgent task — send ₹8728 now to this link: https://owjlkar.net/cortfyii vlbhr
spam,Meet local singles instantly. Start chat: https://pmibamo.info/pdklyqoe tcrmf
spam,ACTION REQUIRED. Verify your bank account to avoid hold. https://eswwski.net/duykziyn wquyr
spam,Your Netflix account is suspended. Update payment: https://suarcap.info/efqtpoiy fnkkx
spam,"Exclusive adult content unlocked, verify age here: https://ykmkctz.com/kfedrlwg obnee"
spam,Congratulations! You've won a $500 Amazon gift card. Claim here https://tbzkhvc.com/apkazdlj yedyk
spam,Your credit score qualifies for zero‑interest Visa. Apply: https://gdbprpf.net/lomtanfz ltroz
spam,Your Netflix account is suspended. Update payment: https://zhrmecn.org/trjidhhz nthar
spam,Meet local singles instantly. Start chat: https://ijchrim.com/ngamzktf gnnks
spam,Your 2FA settings are outdated. Update here: https://gjlvreh.org/ezlvgpsq hisbh
spam,We received your resume! Schedule interview at https://vwypekp.net/lmifaiau or call +9189647147 emjel
spam,We detected unusual login attempt. Secure account: https://xcmbevk.org/zkagsifc baxeu
spam,Final notice: unpaid toll detected. Resolve now: https://mliqzix.com/vqqhpcos kswwh
spam,Your Netflix account is suspended. Update payment: https://talxwns.com/zfaoycxx oxukk
spam,Meet local singles instantly. Start chat: https://ibtpysq.info/vgrhxugu tcyvh
spam,You are eligible for a refund due to overpayment. Claim: https://jbluuej.info/tibnjenz lfwis
spam,This is your boss. Urgent task — send ₹6908 now to this link: https://hmnxnyx.org/wykjlbhr jzaxg
spam,You've been selected for a $1000 gift card. Confirm here: https://ilufnhy.net/dsmbnjzi rmunz
spam,Thank you for payment! Claim your loyalty reward: https://cgnopmk.org/wmgtgutc botqe
spam,ACTION REQUIRED. Verify your bank account to avoid hold. https://pndhcdk.org/cyklhkvv xvlil
spam,Congratulations! You've won a $500 Amazon gift card. Claim here https://jbmmnrv.org/eyihsxyz owjst
spam,Meet local singles instantly. Start chat: https://sozbuct.org/cljdszyp fryvf
spam,Your credit score qualifies for zero‑interest Visa. Apply: https://ypvpbms.com/ldwxfwrj jjfbz
spam,This is your boss. Urgent task — send ₹5164 now to this link: https://pqiwjel.com/yezptkvb xsiks
spam,ACTION REQUIRED. Verify your bank account to avoid hold. https://kabvmog.info/hyxvaode ycfiy
spam,You've been selected for a $1000 gift card. Confirm here: https://bkdksgs.net/stlpyhhu rijjc
spam,Congratulations! You've won a $500 Amazon gift card. Claim here https://xkaiqaj.com/fitvxvou pqtfx
spam,Meet local singles instantly. Start chat: https://qkrwzgc.net/liwcljgr zkeqn
spam,You are eligible for a refund due to overpayment. Claim: https://sgwnjnc.info/rbmbtdpd wanae
spam,Congratulations! You've won a $500 Amazon gift card. Claim here https://wgwjxcf.org/wrtgizsj qsmuk
spam,Your 2FA settings are outdated. Update here: https://dmfwpxx.info/qyqykywm fqjmn
spam,Your 2FA settings are outdated. Update here: https://yzkxtck.com/uvnyqtov yylqm
spam,We received your resume! Schedule interview at https://nzwuacc.net/xsquhchl or call +9187674931 utsxw
spam,This is your boss. Urgent task — send ₹8758 now to this link: https://raalaks.org/inlnxjsn akdre
spam,Issue with your recent payment for order #3856. Fix now: https://iobjbwi.net/sjgiwssd nvicf
spam,Your 2FA settings are outdated. Update here: https://eyjyjpq.com/xjtrzpci ymgih
spam,ACTION REQUIRED. Verify your bank account to avoid hold. https://minaagr.com/smvtgjzp zdxgp
spam,ACTION REQUIRED. Verify your bank account to avoid hold. https://lfdhhas.info/tptuxuza pfezx
spam,Your Netflix account is suspended. Update payment: https://apyooxg.com/ffpkbfzq kjmth
spam,Final notice: unpaid toll detected. Resolve now: https://otthzlw.info/tmhygosw kwhhk
spam,Issue with your recent payment for order #744. Fix now: https://sdqvbtz.com/eiyrtynf kvwkm
spam,Your parcel is pending customs fee of ₹8721. Pay here: https://wkiasdf.net/bimjboqa hepid
spam,Meet local singles instantly. Start chat: https://iavwfsw.org/uvlmguby hixia
spam,Thank you for payment! Claim your loyalty reward: https://mpzrdis.com/asxrxbdl dxcxc
spam,This is your boss. Urgent task — send ₹1929 now to this link: https://lvxqyxp.com/kdtjfali dvnqz
spam,Suspicious activity detected in your account. Review: https://wqojpzo.net/xurutcrn ebofx
spam,Final notice: unpaid toll detected. Resolve now: https://taetgoh.com/wcptkkjn psmoj
spam,We received your resume! Schedule interview at https://dpkdzjp.org/cliimvxc or call +9128550545 hrkip
spam,Issue with your recent payment for order #5574. Fix now: https://aidopwe.info/gluqixax hwcsq
spam,You are eligible for a refund due to overpayment. Claim: https://oqussqs.com/jqrflcby crlml
spam,Thank you for payment! Claim your loyalty reward: https://kxqvpqe.net/bbxfjnti ypkzo
spam,Get delivery updates for order #1393. Track here https://nwbejbl.org/gszrlxbs sbpnk
spam,"Hi Dad, I'm in trouble, need urgent money. Send here: https://xwmbjdy.net/fjyynmbq xpdlf"
spam,Issue with your recent payment for order #3928. Fix now: https://nysukyc.com/qjjvlzrc pbxij
spam,Congratulations! You've won a $500 Amazon gift card. Claim here https://nmxfnsj.com/hvavudtn whksy
spam,Thank you for payment! Claim your loyalty reward: https://vvbchjc.org/jjcsyenb inmeo
spam,"Exclusive adult content unlocked, verify age here: https://rsgdjgc.org/fwvkearq ailad"
spam,You've been selected for a $1000 gift card. Confirm here: https://nhdqpsx.com/fdibuuwl kbplj
spam,We detected unusual login attempt. Secure account: https://xkjigux.com/gdcautrz ereio
spam,ACTION REQUIRED. Verify your bank account to avoid hold. https://zoirujz.info/yiaviysa vmnwn
spam,"Hi Dad, I'm in trouble, need urgent money. Send here: https://gcshuwh.com/hqkvgyxq tpsbb"
spam,Thank you for payment! Claim your loyalty reward: https://osfnjxe.com/lqmrawbk ooczk
spam,You’re eligible for a government refund. Access it now: https://mkikebp.com/veuuaiaj zcprk
spam,Suspicious activity detected in your account. Review: https://qghddlx.net/zbcoznck xcxwh
spam,You’re eligible for a government refund. Access it now: https://vhjbxxl.net/ucbyscpc lrjeo
spam,You are eligible for a refund due to overpayment. Claim: https://cvoykww.org/pmpkfouz bzjcy
spam,We detected unusual login attempt. Secure account: https://bhkwsjr.com/igndpcyi kswjp
spam,"Exclusive adult content unlocked, verify age here: https://leyuneq.net/lpyluldv nkrov"
spam,Thank you for payment! Claim your loyalty reward: https://tifnkoi.com/bqpsbbbl dkjxp
spam,Congratulations! You've won a $500 Amazon gift card. Claim here https://ostscmz.com/baautmpb yahcw
spam,Issue with your recent payment for order #7639. Fix now: https://ljltfov.org/lgxjgpiy tnkai
spam,Suspicious activity detected in your account. Review: https://iyloxes.info/btstzctb huqqo
spam,This is your boss. Urgent task — send ₹2514 now to this link: https://duairce.com/uwxtrpcr yrfag
spam,Congratulations! You've won a $500 Amazon gift card. Claim here https://vtkwzvx.com/sgpjqvia xayap
spam,Suspicious activity detected in your account. Review: https://nabhgms.com/vvvssxdk rhonp
spam,We detected unusual login attempt. Secure account: https://tifofnz.com/cyctkrbj bhfbp
spam,We detected unusual login attempt. Secure account: https://gwsvxvz.net/mglnadjb wdasg
spam,Thank you for payment! Claim your loyalty reward: https://vkfzcwi.org/yeuanyzv dpxkg
spam,This is your boss. Urgent task — send ₹2177 now to this link: https://wvyokll.com/iqzuxvqf velfr
spam,You've been selected for a $1000 gift card. Confirm here: https://fsqwwft.com/ccpdifpi sjnuu
spam,Your Netflix account is suspended. Update payment: https://oqdlfue.info/cybdasyq xbjla
spam,Your 2FA settings are outdated. Update here: https://kgefejq.net/ruarusme uzqxs
spam,Congratulations! You've won a $500 Amazon gift card. Claim here https://ehhpgvt.info/lepntmod oneox
spam,Congratulations! You've won a $500 Amazon gift card. Claim here https://qqvbhjb.net/qaqhstww sxfew
spam,We received your resume! Schedule interview at https://zxoniuh.org/qxvtjdjf or call +9143855835 ngasm
spam,Suspicious activity detected in your account. Review: https://joowzhc.info/wdibkcra vbhgr
spam,Your parcel is pending customs fee of ₹2203. Pay here: https://jlufqng.info/fnuvsjjj eakqu
spam,You've been selected for a $1000 gift card. Confirm here: https://cbzmrwj.info/wkrywniq zyvfd
spam,This is your boss. Urgent task — send ₹739 now to this link: https://jvklnvd.net/oyxzctfd rsyrm
spam,ACTION REQUIRED. Verify your bank account to avoid hold. https://dwicrgq.com/jpbszfke wstue
spam,"Exclusive adult content unlocked, verify age here: https://haiifov.net/niidqehh epqmp"
spam,"Hi Dad, I'm in trouble, need urgent money. Send here: https://zrfgfcw.com/vspzvnfy jvxoe"
spam,You've been selected for a $1000 gift card. Confirm here: https://jqyvayg.com/csddbwjm ztewr
spam,Suspicious activity detected in your account. Review: https://zjodrle.net/mhcsdnle lgxoq
spam,Get delivery updates for order #939. Track here https://rkcnacy.info/jcvlxyfp gqllx
spam,Issue with your recent payment for order #7406. Fix now: https://hyseyuy.info/sgewhafb lvuwy
spam,Congratulations! You've won a $500 Amazon gift card. Claim here https://dmbuaky.org/wgyksdmw cabmn
spam,Your Netflix account is suspended. Update payment: https://evdztox.com/yyuclbyj hmcyf
spam,Your credit score qualifies for zero‑interest Visa. Apply: https://zztgmvb.org/hvhmcydx ogvpn
spam,Your credit score qualifies for zero‑interest Visa. Apply: https://zqsyitw.org/ctyanakb nknbs
spam,You've been selected for a $1000 gift card. Confirm here: https://kujawcv.org/tbdnehki osbld
spam,We received your resume! Schedule interview at https://qqadtne.com/yoojpxrm or call +9157395320 evfea
spam,"Hi Dad, I'm in trouble, need urgent money. Send here: https://bklmcjr.org/dclnhsbw ethna"
spam,Suspicious activity detected in your account. Review: https://clkxezb.org/mvgktrso hxwgh
spam,Your Netflix account is suspended. Update payment: https://dcemjwo.com/qcnjpcxd ogjfe
spam,Meet local singles instantly. Start chat: https://bduyxix.org/wntodqsr fqglh
spam,ACTION REQUIRED. Verify your bank account to avoid hold. https://vswzfxu.info/akdmcobx zjujg
spam,Meet local singles instantly. Start chat: https://ycvmkjn.com/bnxjxndt mlain
spam,Your parcel is pending customs fee of ₹8046. Pay here: https://irnohdo.com/rwykcmku xylwl
spam,Get delivery updates for order #886. Track here https://hfnumwq.net/ubptzpld bokhd
spam,Suspicious activity detected in your account. Review: https://ktqlatu.com/ldrjcazs edayv
spam,Your 2FA settings are outdated. Update here: https://jworagr.org/jhwyfote cyjil
spam,Meet local singles instantly. Start chat: https://udxargr.org/tgaklnml iajmn
spam,We detected unusual login attempt. Secure account: https://fswtlvz.net/innmvdin otpnv
spam,ACTION REQUIRED. Verify your bank account to avoid hold. https://zgtaohr.com/fpvhidgp sgrog
spam,Congratulations! You've won a $500 Amazon gift card. Claim here https://mbsqugu.org/ityyvkdq lwnky
spam,You are eligible for a refund due to overpayment. Claim: https://ioajexn.com/cqoldzds eajxx
spam,Suspicious activity detected in your account. Review: https://oszayxy.org/jozmbxmq mtpzv
spam,You’re eligible for a government refund. Access it now: https://rnwebqu.net/iivamtwn dyjbd
spam,"Hi Dad, I'm in trouble, need urgent money. Send here: https://siyefmh.info/iygjxsja oumec"
spam,Suspicious activity detected in your account. Review: https://oifktwc.info/kgxboynt ebnjk
spam,"Exclusive adult content unlocked, verify age here: https://lgnixfb.com/zukhdbkj ouiuu"
spam,Your Netflix account is suspended. Update payment: https://cfdrqwp.com/gayryuwi etpwv
spam,We received your resume! Schedule interview at https://fkdtxqn.net/wgbusqnp or call +9117334572 mzubd
spam,We detected unusual login attempt. Secure account: https://xwlvftw.org/bnfhjouc qhsju
spam,You've been selected for a $1000 gift card. Confirm here: https://mozaril.info/neqcvfxj vlwao
spam,Congratulations! You've won a $500 Amazon gift card. Claim here https://kltgddb.com/ocbvtywx qasjo
spam,Issue with your recent payment for order #6310. Fix now: https://uknwzfd.info/xkqmuqyh mbmje
spam,Issue with your recent payment for order #9095. Fix now: https://gelsgoh.com/wikwtgad qmzaa
spam,ACTION REQUIRED. Verify your bank account to avoid hold. https://jjcpuli.com/maearyqn ywadf
spam,Congratulations! You've won a $500 Amazon gift card. Claim here https://ewkfqcb.org/mhmxaaue zfqun
spam,Suspicious activity detected in your account. Review: https://qoiezlk.info/nufmauie gjdgf
spam,Thank you for payment! Claim your loyalty reward: https://fyoxtif.com/bwcdmmcz qsbdd
spam,"Exclusive adult content unlocked, verify age here: https://ctlbrau.com/ubsaqmol zhmvm"
spam,Final notice: unpaid toll detected. Resolve now: https://zvubmdk.net/sghcpzos uhgvr
spam,Your parcel is pending customs fee of ₹8500. Pay here: https://mpesimc.org/xskmphkh ohlkp
spam,"Exclusive adult content unlocked, verify age here: https://futabwv.com/cblouvnj tbrhf"
spam,This is your boss. Urgent task — send ₹8527 now to this link: https://orwyoxj.net/emkoiprk dhlqn
spam,You are eligible for a refund due to overpayment. Claim: https://ktojsiw.com/yssfqwao owkic
spam,Meet local singles instantly. Start chat: https://hezucwa.info/ugsueuaz qowkq
spam,You’re eligible for a government refund. Access it now: https://raievcp.info/wbhhbrit zrsuf
spam,"Exclusive adult content unlocked, verify age here: https://xfjaxha.com/tjowjoyw mzmac"
spam,Thank you for payment! Claim your loyalty reward: https://afaifjm.net/ivqrabth ttryu
spam,Your parcel is pending customs fee of ₹1633. Pay here: https://zpnbraj.com/qnwbxprx jasov
spam,We received your resume! Schedule interview at https://chrrpcw.com/brjyvggk or call +9172163480 aqzzr
spam,Meet local singles instantly. Start chat: https://grrgcon.com/iuvtlkpv tabiz
spam,You’re eligible for a government refund. Access it now: https://elcibic.info/jzhwbcsi vmeto
spam,We received your resume! Schedule interview at https://vampafd.com/tpkynges or call +9179053005 yhoqq
spam,Your credit score qualifies for zero‑interest Visa. Apply: https://cxmlgdi.info/didhendv ddnol
spam,Final notice: unpaid toll detected. Resolve now: https://hfswphz.info/sdqmshne ubifv
spam,"Exclusive adult content unlocked, verify age here: https://cyezlcp.info/ifgsvcbu ehnti"
spam,Your Netflix account is suspended. Update payment: https://ylbmbor.info/gyxlkdmw ypdbp
spam,Your 2FA settings are outdated. Update here: https://ayinbqo.net/kscqbkpn kuoap
spam,Final notice: unpaid toll detected. Resolve now: https://hjryfmq.org/iwcyedtp rzxtm
spam,Congratulations! You've won a $500 Amazon gift card. Claim here https://yqrgytl.info/eqeknvip yfhlx
spam,ACTION REQUIRED. Verify your bank account to avoid hold. https://zbvnkjd.org/ymnldwvj sgcff
spam,Congratulations! You've won a $500 Amazon gift card. Claim here https://khigxms.com/gunkrdhj ekqou
spam,You are eligible for a refund due to overpayment. Claim: https://bcfnoap.com/lggxtgiq phlyn
spam,Your Netflix account is suspended. Update payment: https://cyqpmoe.net/pcgkbrsn gtthh
spam,Get delivery updates for order #9962. Track here https://wuruzha.org/cwwlmemp yefrj
spam,ACTION REQUIRED. Verify your bank account to avoid hold. https://lumrgjt.info/syvtmhcp qlbat
spam,This is your boss. Urgent task — send ₹9594 now to this link: https://xvvdbyz.org/exyvsmnx myuev
spam,You've been selected for a $1000 gift card. Confirm here: https://xvgbbqo.info/yzuerkwg lkyvs
spam,Your Netflix account is suspended. Update payment: https://hwqmmpu.org/fkrcajse notnr
spam,You've been selected for a $1000 gift card. Confirm here: https://mtpuxdo.org/bequbile xmckt
spam,You’re eligible for a government refund. Access it now: https://hroinoh.net/dsznixor bgtog
spam,Meet local singles instantly. Start chat: https://vnekykl.info/jvtbvhro mkvtk
spam,"Hi Dad, I'm in trouble, need urgent money. Send here: https://zltcumw.org/zfigmksl xrtjb"
spam,Your 2FA settings are outdated. Update here: https://nkgqhsu.net/qnpufyjn rozsq
spam,Your parcel is pending customs fee of ₹7563. Pay here: https://tfggthl.info/oflmuefg rvdwf
spam,"Hi Dad, I'm in trouble, need urgent money. Send here: https://stmqndm.info/pndhfdmt sifae"
spam,Issue with your recent payment for order #4969. Fix now: https://vpierda.org/oesmmnkv djsdn
spam,Your parcel is pending customs fee of ₹5069. Pay here: https://bpyscvg.info/obbdkbfm tdfll
spam,Meet local singles instantly. Start chat: https://pgfwvuu.com/eoqtvqsa sbeuv
spam,Meet local singles instantly. Start chat: https://qndkasg.info/oumpafwf tntwo
spam,We received your resume! Schedule interview at https://ycqshpx.com/odljjfic or call +9119074830 mnghs
spam,We received your resume! Schedule interview at https://aodvyqd.info/cvmjlasl or call +9181345596 tjbvs
spam,Your parcel is pending customs fee of ₹6389. Pay here: https://ykcfppd.org/xkizijgw malqv
spam,Get delivery updates for order #3881. Track here https://jivalgx.com/jgwdbpwm crauf
spam,This is your boss. Urgent task — send ₹6265 now to this link: https://kisgxdv.info/uvxzxycl atkza
spam,Your parcel is pending customs fee of ₹7324. Pay here: https://rubtgrx.net/putsslsq ntqos
spam,Get delivery updates for order #2476. Track here https://wfcxjsk.com/velxvutx aoxqz
spam,Suspicious activity detected in your account. Review: https://ejdxkdx.com/mdfvdyxz ckxsi
spam,You are eligible for a refund due to overpayment. Claim: https://vgpiqww.com/ggjzxjed jdqbk
spam,Thank you for payment! Claim your loyalty reward: https://lsxcfbj.net/zydridfp oybob
spam,"Exclusive adult content unlocked, verify age here: https://xmvabac.org/kmqdzoog wkstm"
spam,Your parcel is pending customs fee of ₹9671. Pay here: https://komaars.info/tumqiwqa cciqi
spam,Your credit score qualifies for zero‑interest Visa. Apply: https://fmfftms.info/acxpegdf uxxsq
spam,This is your boss. Urgent task — send ₹9271 now to this link: https://rednchd.org/epokdjjx uoxhi
spam,We detected unusual login attempt. Secure account: https://cytgbwl.org/wfqludvb qokfw
spam,This is your boss. Urgent task — send ₹6704 now to this link: https://vroullm.org/kkprphto lewns
spam,We detected unusual login attempt. Secure account: https://gmktpqw.net/mmtxeahf hmcre
spam,ACTION REQUIRED. Verify your bank account to avoid hold. https://rmanywc.com/dawkzeri saegi
spam,Your credit score qualifies for zero‑interest Visa. Apply: https://uvwusmo.net/cgrowhyf cozzi
spam,"Exclusive adult content unlocked, verify age here: https://qqkomjp.com/dnddgtks dnxov"
spam,Congratulations! You've won a $500 Amazon gift card. Claim here https://vnfzcbm.info/niyagoli khifc
spam,Final notice: unpaid toll detected. Resolve now: https://puztjsy.net/xacnbbtz kurvu
spam,You’re eligible for a government refund. Access it now: https://riuwmft.net/thpbrhda jjvhq
spam,We received your resume! Schedule interview at https://ywbpxdk.net/fzoquuhv or call +9128190795 jiscp
spam,Suspicious activity detected in your account. Review: https://wkpmurc.org/ueqcajor grkwt
spam,"Hi Dad, I'm in trouble, need urgent money. Send here: https://sikxbnj.net/jumvugwm adaqh"
spam,Your 2FA settings are outdated. Update here: https://yryykub.org/vzwhbrbk snsof
spam,Your credit score qualifies for zero‑interest Visa. Apply: https://xfqfkse.com/atzbiizg puzts
spam,This is your boss. Urgent task — send ₹1701 now to this link: https://ajdmrsb.net/nwbtqfsc dxugn
spam,Congratulations! You've won a $500 Amazon gift card. Claim here https://afpymwg.com/gbvdtfho odxyz
spam,Suspicious activity detected in your account. Review: https://xatoyio.org/gtyqvpzq aplkv
spam,"Hi Dad, I'm in trouble, need urgent money. Send here: https://teyzehh.net/ostfldnd ymmcu"
spam,Suspicious activity detected in your account. Review: https://dqptist.info/jldzyzjv aawcn
spam,Final notice: unpaid toll detected. Resolve now: https://fyzlmtx.com/nmjvrsww bumak
spam,Suspicious activity detected in your account. Review: https://jyfwitu.info/tpbkvfov acguf
spam,Issue with your recent payment for order #3218. Fix now: https://ocplfip.info/jnkwykca flfae
spam,This is your boss. Urgent task — send ₹8971 now to this link: https://ndpzyva.org/fxiccrgo dsaxx
spam,Get delivery updates for order #3779. Track here https://mwhybuw.com/cnlnnqhm xfvfp
spam,This is your boss. Urgent task — send ₹1229 now to this link: https://dgjpgeq.org/yqhtlovd jrqah
spam,Thank you for payment! Claim your loyalty reward: https://flujory.org/dwdggrvk panlz
spam,You are eligible for a refund due to overpayment. Claim: https://ubytbon.com/xipjfchn pkpbn
spam,You've been selected for a $1000 gift card. Confirm here: https://oldpvtl.net/fwehxnmm cgtzz
spam,Final notice: unpaid toll detected. Resolve now: https://dkgrcxj.com/dyllglzs auobc
spam,Final notice: unpaid toll detected. Resolve now: https://tltydib.com/wbhwdkjy kszgn
spam,We detected unusual login attempt. Secure account: https://ilwjgyb.net/hmvrrlgl wvxtx
spam,You've been selected for a $1000 gift card. Confirm here: https://azudxpr.com/mgeilimc aksve
spam,"Exclusive adult content unlocked, verify age here: https://entndze.org/oyytvowl fbzol"
spam,You are eligible for a refund due to overpayment. Claim: https://awqflrc.info/jmwbpmxn vmfyj
spam,You've been selected for a $1000 gift card. Confirm here: https://tosbxpb.org/ghntbkpz szzdn
spam,We received your resume! Schedule interview at https://krtjyyb.com/stysdlog or call +9104680320 uptmb
spam,ACTION REQUIRED. Verify your bank account to avoid hold. https://uhwqcjm.org/hwgkcjop svpml
spam,You've been selected for a $1000 gift card. Confirm here: https://yvoeckr.com/upfabkoo euisc
spam,Your credit score qualifies for zero‑interest Visa. Apply: https://eecvjsx.org/kmeoifoe keikm
spam,This is your boss. Urgent task — send ₹2581 now to this link: https://efvmzht.com/mvrkjszf wseai
spam,Get delivery updates for order #6887. Track here https://mbmvqyr.info/nsjdwlsk dmqax
spam,Your parcel is pending customs fee of ₹5297. Pay here: https://gdfsiqc.net/gepiyqgb omhdr
spam,You've been selected for a $1000 gift card. Confirm here: https://slknjvb.com/jqtvvhue dnqks
spam,We detected unusual login attempt. Secure account: https://lygtunz.info/uvpfpvkm bkjac
spam,Final notice: unpaid toll detected. Resolve now: https://itxhoqy.com/kncbmcit jigyh
spam,This is your boss. Urgent task — send ₹9908 now to this link: https://qkywcvn.com/myulgzkw ypkfe
spam,Get delivery updates for order #312. Track here https://rhcnjjp.net/ipqwnean dsfta
spam,Thank you for payment! Claim your loyalty reward: https://reurbmx.net/epbxpxlr mhqyn
spam,You've been selected for a $1000 gift card. Confirm here: https://xkykfba.info/gmgttlny nrqqw
spam,You've been selected for a $1000 gift card. Confirm here: https://oprytdc.org/chltxuvx uecuf
spam,You've been selected for a $1000 gift card. Confirm here: https://idghfqj.org/rxbfbuhi bconi
spam,This is your boss. Urgent task — send ₹6514 now to this link: https://marlnrv.info/fyywygvi cgiex
spam,You are eligible for a refund due to overpayment. Claim: https://odwgowv.net/jgajblph byodh
spam,You've been selected for a $1000 gift card. Confirm here: https://qtjdxmj.info/qbtppwoc npkno
spam,Your parcel is pending customs fee of ₹5672. Pay here: https://dyimjih.org/fdcyqcav ioagd
spam,This is your boss. Urgent task — send ₹9778 now to this link: https://jgmfnxh.net/khbtqheb jeceo
spam,Meet local singles instantly. Start chat: https://vzbitjj.info/bzdscegq wkzot
spam,Thank you for payment! Claim your loyalty reward: https://pbuzqpf.com/wgogzcfo tdwxu
spam,Final notice: unpaid toll detected. Resolve now: https://fhtcmgh.com/gyveztch hfptl
spam,Your 2FA settings are outdated. Update here: https://zouefxe.com/znggzsne icyky
spam,Congratulations! You've won a $500 Amazon gift card. Claim here https://kiktzqc.net/movqjpcg eawir
spam,Thank you for payment! Claim your loyalty reward: https://wgbygsq.info/ineacrqp ossid
spam,Issue with your recent payment for order #144. Fix now: https://nvcfnfa.info/tbbkengk ahgvo
spam,You’re eligible for a government refund. Access it now: https://iautzbu.com/kiewanwx dekfc
spam,Final notice: unpaid toll detected. Resolve now: https://rpirego.info/ejqfhtmr qomlh
spam,Your credit score qualifies for zero‑interest Visa. Apply: https://zvecjfg.net/imtuplxh qcqgy
spam,This is your boss. Urgent task — send ₹194 now to this link: https://adyezex.org/tutjfcoy oojas
spam,Issue with your recent payment for order #398. Fix now: https://nnikyfz.info/mncrkdcj aqndz
spam,Thank you for payment! Claim your loyalty reward: https://zdmshjz.com/kforydnf sdjtf
spam,Your parcel is pending customs fee of ₹5811. Pay here: https://byywwxn.info/brufipmv xjhqz
spam,ACTION REQUIRED. Verify your bank account to avoid hold. https://pgkbmvv.info/jqtwwnur byjls
spam,Your credit score qualifies for zero‑interest Visa. Apply: https://efrropc.com/atudmmbd jbyws
spam,You’re eligible for a government refund. Access it now: https://fjsvuxb.org/zspbuvsm astmj
spam,You are eligible for a refund due to overpayment. Claim: https://vhshxuz.info/byacyxos acwhy
spam,You've been selected for a $1000 gift card. Confirm here: https://sxtuhtt.org/veppweaj qkjro
spam,"Exclusive adult content unlocked, verify age here: https://phkgtsw.net/uammozdq ynzau"
spam,We detected unusual login attempt. Secure account: https://hvlvbej.net/kjjaacne mxxrf
spam,You’re eligible for a government refund. Access it now: https://fxlfgos.info/osbbeijk cgabw
spam,You've been selected for a $1000 gift card. Confirm here: https://wjwvvge.info/sbjznyyj wtzfd
spam,Your Netflix account is suspended. Update payment: https://xlodalh.org/tsumbcog uxvty
spam,You are eligible for a refund due to overpayment. Claim: https://vxxbyxl.net/xflxartc fmwau
spam,Your 2FA settings are outdated. Update here: https://pptxxmo.org/hesvuzzd iqicv
spam,Your credit score qualifies for zero‑interest Visa. Apply: https://yshbplc.net/cclqudnw hnnii
spam,Final notice: unpaid toll detected. Resolve now: https://zedvper.net/gpbdwujr cznqu
spam,Issue with your recent payment for order #1813. Fix now: https://zsxzwpd.info/njeqfcfb kszbn
spam,Congratulations! You've won a $500 Amazon gift card. Claim here https://fqiknat.info/plriyrjo ntjuz
spam,Your 2FA settings are outdated. Update here: https://cwgcwch.org/smmlgias glttj
spam,Your Netflix account is suspended. Update payment: https://akapavw.net/lhlejjqc zyivy
spam,This is your boss. Urgent task — send ₹2969 now to this link: https://vuskkqf.net/okddztpf imfgl
spam,You are eligible for a refund due to overpayment. Claim: https://kummwlx.org/zhhypkml knnvk
spam,Thank you for payment! Claim your loyalty reward: https://zwhzkyz.com/xawurlta ssxul
spam,We detected unusual login attempt. Secure account: https://dsuxyws.info/rbdrjrcd glxqr
spam,You are eligible for a refund due to overpayment. Claim: https://ihyuylf.org/upkzfepr avztd
spam,You've been selected for a $1000 gift card. Confirm here: https://rtezslf.com/dqixwogr ozmzz
spam,"Exclusive adult content unlocked, verify age here: https://kllhpvl.net/xzhnexaz szkst"
spam,"Exclusive adult content unlocked, verify age here: https://ebvazvu.net/gjqescau xivop"
spam,Thank you for payment! Claim your loyalty reward: https://yscifhn.net/wyhzqvvx brqtv
spam,Your credit score qualifies for zero‑interest Visa. Apply: https://ydeppwf.info/kywokeng pmvkb
spam,We detected unusual login attempt. Secure account: https://huixvux.info/ajpquxgr xtjwz
spam,Thank you for payment! Claim your loyalty reward: https://csojwum.org/ewlztzas vzhns
spam,"Exclusive adult content unlocked, verify age here: https://feqvwuo.net/xirpmmsu svxfp"
spam,ACTION REQUIRED. Verify your bank account to avoid hold. https://gvccnyq.net/sirbzlrr qfhbu
spam,Your 2FA settings are outdated. Update here: https://vvfyxwq.com/rzwfvlep ooqgm
spam,Final notice: unpaid toll detected. Resolve now: https://lrfyrfw.com/filvsgsb ulqiv
spam,Suspicious activity detected in your account. Review: https://esjdsae.net/uyrnmwgi slxpj
spam,Your 2FA settings are outdated. Update here: https://sinwjtm.com/qsuitndo qncml
spam,This is your boss. Urgent task — send ₹3846 now to this link: https://mkbjwgk.info/wtvevldk ctetl
spam,We detected unusual login attempt. Secure account: https://tpfzqfx.net/znozhnzz eqthr
spam,Issue with your recent payment for order #5158. Fix now: https://vevoncd.info/puzgzshj jldxt
spam,Final notice: unpaid toll detected. Resolve now: https://yycwsyv.net/tszvdrao qelej
spam,Your parcel is pending customs fee of ₹8950. Pay here: https://kcmlarq.info/oabkjsbi musyz
spam,ACTION REQUIRED. Verify your bank account to avoid hold. https://aqdcgsv.info/rdlsevhe suzxh
spam,Suspicious activity detected in your account. Review: https://sguvndp.org/bbaematt wudvn
spam,"Exclusive adult content unlocked, verify age here: https://wpwipvx.info/uxanxwsm ppvvx"
spam,This is your boss. Urgent task — send ₹107 now to this link: https://oyvtcmc.net/gpcpixdy qymdp
spam,We detected unusual login attempt. Secure account: https://nnypfru.org/tsfsezsq cchjo
spam,Your Netflix account is suspended. Update payment: https://tehysrb.net/cxrrhazp zaqgm
spam,ACTION REQUIRED. Verify your bank account to avoid hold. https://lsdcojl.net/fgxrrihb aoghi
spam,"Hi Dad, I'm in trouble, need urgent money. Send here: https://xnvqdzy.org/xqmvcukv bglkm"
spam,Meet local singles instantly. Start chat: https://inzigpg.org/talozxxc ubgjh
spam,Your credit score qualifies for zero‑interest Visa. Apply: https://kdfyhud.com/udmbizid cjddo
spam,We received your resume! Schedule interview at https://yojwxdg.com/dpwfhmar or call +9128721204 vtoug
spam,Issue with your recent payment for order #9392. Fix now: https://slsmfhr.net/qbjgylor lesxw
spam,You've been selected for a $1000 gift card. Confirm here: https://hklzusa.net/qflgiqoq gcclt
spam,You've been selected for a $1000 gift card. Confirm here: https://qktwesb.org/enkxcttc lwksa
spam,Get delivery updates for order #4329. Track here https://nbhsqls.org/nnqrrmet ircxk
spam,ACTION REQUIRED. Verify your bank account to avoid hold. https://kfbklwd.org/gbdmyxdz gpiqi
spam,Thank you for payment! Claim your loyalty reward: https://znsudqp.com/rnvlezmk qfaag
spam,"Hi Dad, I'm in trouble, need urgent money. Send here: https://jujngsy.com/knokvkwk umnnp"
spam,You’re eligible for a government refund. Access it now: https://rciwkse.com/vvrhzxmx koyvs
spam,Get delivery updates for order #1795. Track here https://qqzencz.com/vxiyqlct kxnje
spam,Your 2FA settings are outdated. Update here: https://tyefxti.com/cstbqcde lqkgg
spam,Meet local singles instantly. Start chat: https://nnptobm.org/vfodffdg ocqcx
spam,Your credit score qualifies for zero‑interest Visa. Apply: https://ewijysm.com/pjdvbgbh uewam
spam,You've been selected for a $1000 gift card. Confirm here: https://jdlygfu.info/utqqmsnb tynqc
spam,This is your boss. Urgent task — send ₹2147 now to this link: https://twfmmwo.com/viqfqoda eacon
spam,You've been selected for a $1000 gift card. Confirm here: https://ltzzddq.net/purhakro wmdwg
spam,Your credit score qualifies for zero‑interest Visa. Apply: https://djnutvx.info/ixvfnhds nsbam
spam,You’re eligible for a government refund. Access it now: https://woepgxa.com/tztfefdp uvcoh
spam,You've been selected for a $1000 gift card. Confirm here: https://zhwitzf.net/lxfkrshc krgio
spam,You've been selected for a $1000 gift card. Confirm here: https://gkurmfq.org/gnjvswjc fidde
spam,You’re eligible for a government refund. Access it now: https://kctinnn.info/mshbkxky ffbfg
spam,Your parcel is pending customs fee of ₹5999. Pay here: https://lgexpgw.org/surkrmcm sljpk
spam,You've been selected for a $1000 gift card. Confirm here: https://ypiggtm.info/svyhweyk qdgut
spam,We detected unusual login attempt. Secure account: https://cokfgzk.net/etkkchzz pymei
spam,Your 2FA settings are outdated. Update here: https://ikncyph.com/xeglrysq mpmbk
spam,Get delivery updates for order #5480. Track here https://zptrvae.net/ugdxpjtk fpezn
spam,"Exclusive adult content unlocked, verify age here: https://nstrjap.org/mkrxtwpt sgzpj"
spam,Your Netflix account is suspended. Update payment: https://scabvdd.net/fbrhwzpu oeixh
spam,This is your boss. Urgent task — send ₹7920 now to this link: https://aynjqck.info/ibinskks ewyap
spam,Issue with your recent payment for order #9634. Fix now: https://eoajjqz.net/qjgdvvaw bvbfs
spam,Meet local singles instantly. Start chat: https://jjzfrew.info/yugjlnpy wcowg
spam,Your parcel is pending customs fee of ₹1946. Pay here: https://lpzlvyv.net/hmmgxblh emsrc
spam,ACTION REQUIRED. Verify your bank account to avoid hold. https://xsmelqr.net/mghnmzba otcnd
spam,Meet local singles instantly. Start chat: https://yrsaebf.org/gccuiiez pjepg
spam,You’re eligible for a government refund. Access it now: https://xfikjdn.com/gbvlqzkq fwdjq
spam,Final notice: unpaid toll detected. Resolve now: https://svxucfq.info/tkvlgmip bgttm
spam,"Exclusive adult content unlocked, verify age here: https://mdxebnc.net/ptrsyzqf rlpke"
spam,Your 2FA settings are outdated. Update here: https://kbsbytq.net/mmshpxls sprgk
spam,Suspicious activity detected in your account. Review: https://uttcdwx.net/auusljxz spjtl
spam,"Exclusive adult content unlocked, verify age here: https://mrsuvez.info/jpltqsbz twrqb"
spam,You’re eligible for a government refund. Access it now: https://heawsoy.com/mlvuhoai huiud
spam,We received your resume! Schedule interview at https://beloshp.net/jppgdhbu or call +9111863717 gqtvb
spam,ACTION REQUIRED. Verify your bank account to avoid hold. https://tuknheu.org/aksdxwuz zxrfo
spam,Congratulations! You've won a $500 Amazon gift card. Claim here https://mpsngna.net/ypttlkvs kdudy
spam,ACTION REQUIRED. Verify your bank account to avoid hold. https://ykwnqsx.com/fnggrijg nkukf
spam,We received your resume! Schedule interview at https://xhvticn.info/lrhhqomm or call +9137346951 zwiur
spam,Thank you for payment! Claim your loyalty reward: https://qoyigit.net/qlcsnyuc hzodo
spam,"Exclusive adult content unlocked, verify age here: https://cgnbwrq.org/zcejtttt fheaj"
spam,Your parcel is pending customs fee of ₹6543. Pay here: https://aoygjvr.org/wsgnsico ptlnf
spam,We detected unusual login attempt. Secure account: https://sdbddlr.info/tmrwoqsw fthjo
spam,You’re eligible for a government refund. Access it now: https://bghotbt.info/ppxymvqe brhli
spam,Meet local singles instantly. Start chat: https://yvpbnth.info/exuyfvuw sldym
spam,Meet local singles instantly. Start chat: https://yscgbth.info/isvayxas vyxkh
spam,You've been selected for a $1000 gift card. Confirm here: https://khsdtmn.net/ubncydhv banrm
spam,Your 2FA settings are outdated. Update here: https://zkebdby.org/oyliabkm wjoxy
spam,"Exclusive adult content unlocked, verify age here: https://ylklumh.info/qidxrzuq jiixd"
spam,Meet local singles instantly. Start chat: https://paevpee.com/lwlmswxb hljom
spam,Your parcel is pending customs fee of ₹8016. Pay here: https://oeyekac.info/qxgflxrn eziuk
spam,Get delivery updates for order #4565. Track here https://ydhficg.info/xakgtbny iuknk
spam,Your 2FA settings are outdated. Update here: https://gwlohxj.org/jbibdyov ftbpo
spam,You are eligible for a refund due to overpayment. Claim: https://zamqbws.com/vjvwuxuz hsgig
spam,ACTION REQUIRED. Verify your bank account to avoid hold. https://kdrwpcp.com/rtghmvaq ntvuy
spam,"Hi Dad, I'm in trouble, need urgent money. Send here: https://rmxwqsj.org/sfgrgzba epjaf"
spam,Your Netflix account is suspended. Update payment: https://tseljdl.net/asspttmo evvfe
spam,Meet local singles instantly. Start chat: https://yzbkzid.com/htipfvsd jgcig
spam,ACTION REQUIRED. Verify your bank account to avoid hold. https://izlnuty.info/vsfbpuwo pyuhi
spam,You've been selected for a $1000 gift card. Confirm here: https://xxvwvbt.org/yiutdyja psbes
spam,"Exclusive adult content unlocked, verify age here: https://vpuajqo.com/jwgwybxs abqzi"
spam,Meet local singles instantly. Start chat: https://kfqhrth.info/lanvnfhv ljqxq
spam,Issue with your recent payment for order #6042. Fix now: https://ijuaksn.org/cwbsahih qbsrm
spam,"Exclusive adult content unlocked, verify age here: https://bwuhjrq.org/amfbimjw gvxnn"
spam,You are eligible for a refund due to overpayment. Claim: https://oejhngf.net/shrgyflb msotr
spam,Issue with your recent payment for order #1868. Fix now: https://hbtyghm.org/lvcfnfqh zaaza
spam,This is your boss. Urgent task — send ₹3738 now to this link: https://bwyibfp.org/cdzmgsvw rvwxp
spam,Your 2FA settings are outdated. Update here: https://xvdhjnj.info/bgfhxqea xowdm
spam,Suspicious activity detected in your account. Review: https://rpaeixg.com/yznhtmkz rebgl
spam,We detected unusual login attempt. Secure account: https://nugamls.info/wiysgroe gqjqo
spam,ACTION REQUIRED. Verify your bank account to avoid hold. https://hvdlsyi.net/fvissgli nzblg
spam,ACTION REQUIRED. Verify your bank account to avoid hold. https://pjpuhve.com/kizuadbt gpywd
spam,Congratulations! You've won a $500 Amazon gift card. Claim here https://orinske.info/tlhrlzpk mlsyg
spam,Suspicious activity detected in your account. Review: https://jshuasr.info/xeguuhcu efptp
spam,Meet local singles instantly. Start chat: https://ebgnkzt.org/oqqbpzyu qtwdq
spam,We detected unusual login attempt. Secure account: https://bzzjtlk.org/nsnkmezr ilxnt
spam,Your Netflix account is suspended. Update payment: https://tovxypj.info/cjaviicl rtbvj
spam,Suspicious activity detected in your account. Review: https://vhrflnu.net/ojtjvbwv qlvjc
spam,Your credit score qualifies for zero‑interest Visa. Apply: https://uyshxqy.info/ckutzfnt aeidn
spam,We received your resume! Schedule interview at https://nuxdjli.net/vqceoksj or call +9137946480 adggy
spam,Your credit score qualifies for zero‑interest Visa. Apply: https://frrrcim.net/tzdtmmiv lvuoe
spam,We received your resume! Schedule interview at https://tyxquem.net/rfgtursr or call +9118738522 lbqpz
spam,Your 2FA settings are outdated. Update here: https://cjjgojj.com/dcitfsdi xsdtj
spam,Thank you for payment! Claim your loyalty reward: https://byzheqo.net/nyeanvyg lpfym
spam,Meet local singles instantly. Start chat: https://ghstdoq.org/boplogzd nwrbc
spam,Suspicious activity detected in your account. Review: https://ixoxgds.com/reihwtvn ecpip
spam,Your 2FA settings are outdated. Update here: https://dklxhvk.org/wutjbzwi hftiv
spam,Meet local singles instantly. Start chat: https://cztxykg.com/enfanhov duddg
spam,Your parcel is pending customs fee of ₹2403. Pay here: https://dhgwoyt.com/yfjvzvfh ytkho
spam,ACTION REQUIRED. Verify your bank account to avoid hold. https://nnpdbgp.net/fsuxcopj paigw
spam,This is your boss. Urgent task — send ₹6199 now to this link: https://qukgtlc.org/rpplfbcj tzwjr
spam,"Exclusive adult content unlocked, verify age here: https://npnhqap.info/bvazivbz rpoug"
spam,"Exclusive adult content unlocked, verify age here: https://jirpajr.info/elbtdjey flffw"
spam,Your parcel is pending customs fee of ₹1570. Pay here: https://xujfdmb.info/odhaffgz eilsy
spam,You’re eligible for a government refund. Access it now: https://uaqaqjy.info/heaiuknh kfplw
spam,Congratulations! You've won a $500 Amazon gift card. Claim here https://udkonil.info/tcmgpzlq vbrfd
spam,You’re eligible for a government refund. Access it now: https://uslhocn.org/gbtrshpg ybtjh
spam,Thank you for payment! Claim your loyalty reward: https://rfgzmmk.info/zraypcrx yroqo
spam,Get delivery updates for order #5108. Track here https://qfgajoy.com/zqwxycry evcdz
spam,Issue with your recent payment for order #6723. Fix now: https://kqqmjmr.net/ddynblys gbcku
spam,This is your boss. Urgent task — send ₹7233 now to this link: https://sohffaa.com/zzdkehzh xwzqp
spam,You’re eligible for a government refund. Access it now: https://kfuowqp.net/nqwjhvhp vurzk
spam,This is your boss. Urgent task — send ₹2101 now to this link: https://ujwvzbk.com/kvjbxmjx ysdht
spam,Your Netflix account is suspended. Update payment: https://mwjmijj.org/iiilqkhm eubrc
spam,You’re eligible for a government refund. Access it now: https://slkzial.com/vfgargrp oenwv
spam,Suspicious activity detected in your account. Review: https://jalrbhr.org/klvlwdmc rkekn
spam,Your credit score qualifies for zero‑interest Visa. Apply: https://tnxontj.net/jnxtpaux kmagk
spam,"Exclusive adult content unlocked, verify age here: https://jkrwyky.info/pqelwdki gbzsy"
spam,Your credit score qualifies for zero‑interest Visa. Apply: https://usouzdb.org/pybhagis oxork
spam,This is your boss. Urgent task — send ₹2753 now to this link: https://hukxhgk.com/mwngpwho mtslp
spam,We received your resume! Schedule interview at https://oxxivty.info/ffxlwvem or call +9135706071 syumd
spam,Congratulations! You've won a $500 Amazon gift card. Claim here https://xccyrbu.net/zejbodio rvvyb
spam,Issue with your recent payment for order #1967. Fix now: https://jpmlrwu.info/bcazejde zlmrt
spam,Final notice: unpaid toll detected. Resolve now: https://fboznyv.net/kcdmsgqt rfufr
spam,Suspicious activity detected in your account. Review: https://jlrkozm.info/pzvjfrwb isxwl
spam,You’re eligible for a government refund. Access it now: https://nhvdyib.com/ymfasjnj qnxyz
spam,Final notice: unpaid toll detected. Resolve now: https://nqzudig.net/vmarmjyp dhbyd
spam,This is your boss. Urgent task — send ₹6351 now to this link: https://pigilkb.net/cbltveio lflct
spam,Your credit score qualifies for zero‑interest Visa. Apply: https://uwqzsjs.com/vwaplfqi zscpq
spam,"Exclusive adult content unlocked, verify age here: https://mapiufv.net/syipajcn tyjiq"
spam,Your parcel is pending customs fee of ₹2680. Pay here: https://ntadyxn.org/nvwiztqw tumvb
spam,Suspicious activity detected in your account. Review: https://jxwxewr.info/zvljfsas lkwdc
spam,You've been selected for a $1000 gift card. Confirm here: https://edjamof.com/srgqdtuq sewmx
spam,Final notice: unpaid toll detected. Resolve now: https://qpaoowt.com/dmpsxfqq dwmbr
spam,Meet local singles instantly. Start chat: https://pzpltwk.com/hyfhxdnj jkypj
spam,Your 2FA settings are outdated. Update here: https://pafotao.com/qnohfifu hmsvy
spam,This is your boss. Urgent task — send ₹4375 now to this link: https://vqnbozy.net/ftpiegdb vzszn
spam,Congratulations! You've won a $500 Amazon gift card. Claim here https://xihengp.net/htxxdjjn xfhkq
spam,This is your boss. Urgent task — send ₹29 now to this link: https://uczbyvm.net/osqwnyxj tpemz
spam,We received your resume! Schedule interview at https://yduskex.com/mkpmasqh or call +9152110975 jiqpy
spam,You are eligible for a refund due to overpayment. Claim: https://bqkiaqc.net/wjhykfgn flxqr
spam,We received your resume! Schedule interview at https://muaqqej.com/umxdmczw or call +9173437480 wvrim
spam,Thank you for payment! Claim your loyalty reward: https://pcjnmzy.org/jaxzjeam oapbm
spam,Your 2FA settings are outdated. Update here: https://mrfvhyo.net/dqfcedxn xxihv
spam,Final notice: unpaid toll detected. Resolve now: https://zcfeyhk.org/csbqjewi ozwbe
spam,Your parcel is pending customs fee of ₹4403. Pay here: https://bvlgsty.com/mxxvmbgl noijm
spam,You’re eligible for a government refund. Access it now: https://arrgzfn.org/nogfxryh ojxbv
spam,ACTION REQUIRED. Verify your bank account to avoid hold. https://jqcsrui.info/xdozmqvf luctm
spam,You are eligible for a refund due to overpayment. Claim: https://prtcyqo.info/vhgjgily gwean
spam,We received your resume! Schedule interview at https://fbpvsrg.info/gsshldex or call +9175682691 ygmix
spam,"Hi Dad, I'm in trouble, need urgent money. Send here: https://nwlhdwc.net/nwuvjqvh ozsgo"
spam,Congratulations! You've won a $500 Amazon gift card. Claim here https://hjsciuc.com/gvtfvxmn mbhqh
spam,Final notice: unpaid toll detected. Resolve now: https://uqaqyqe.net/ehhnmfhk axlgn
spam,Your credit score qualifies for zero‑interest Visa. Apply: https://abbjijl.com/tntwzkrh cruxa
spam,You've been selected for a $1000 gift card. Confirm here: https://rokaszh.org/mzwwaexy qwiwe
spam,We received your resume! Schedule interview at https://wbhkfwy.net/edaqrbik or call +9124353219 tayqe
spam,You are eligible for a refund due to overpayment. Claim: https://ibfzjpn.net/zzwbwsrp mohen
spam,You've been selected for a $1000 gift card. Confirm here: https://qycvvaq.org/gqvisvgw fafrp
spam,Your parcel is pending customs fee of ₹2957. Pay here: https://irjtvqz.net/apjoipxm mkqnz
spam,Your parcel is pending customs fee of ₹7230. Pay here: https://hxqjzro.org/wfjqyglq hxkky
spam,Suspicious activity detected in your account. Review: https://xvhfrsw.net/qakeecbf ndihi
spam,We received your resume! Schedule interview at https://yugjxot.com/lukzzkje or call +9123318048 qkrxf
spam,Suspicious activity detected in your account. Review: https://chgipac.net/kwtkixju joyjx
spam,"Exclusive adult content unlocked, verify age here: https://jxkhwtt.info/xbvxpmwj ujinr"
spam,Meet local singles instantly. Start chat: https://rsbfjik.com/fvvvqpmc gtgdu
spam,You’re eligible for a government refund. Access it now: https://oljknbt.com/qgbkgbjc aexwq
spam,We detected unusual login attempt. Secure account: https://apfmula.com/nnwmwujn nnvql
spam,Issue with your recent payment for order #6020. Fix now: https://kwdxyjq.com/ajvljerr imqzu
spam,Your credit score qualifies for zero‑interest Visa. Apply: https://qauthhc.info/quuzgocw lvvjd
spam,Your Netflix account is suspended. Update payment: https://lnixdij.org/lyeftzmt nswch
spam,"Hi Dad, I'm in trouble, need urgent money. Send here: https://dopejnb.com/nmzifidy nhgjq"
spam,Congratulations! You've won a $500 Amazon gift card. Claim here https://jgyaykg.com/kdwfzbky lxgoz
spam,Final notice: unpaid toll detected. Resolve now: https://xcwsrnm.org/hubdrewq fxsdn
spam,We received your resume! Schedule interview at https://hlcjnzk.net/uxigatlw or call +9103887009 scogc
spam,Your parcel is pending customs fee of ₹9057. Pay here: https://zapymmm.com/vhapzfbm ngylu
spam,You are eligible for a refund due to overpayment. Claim: https://vwznpke.org/hjrshiah ehgge
spam,This is your boss. Urgent task — send ₹5016 now to this link: https://bypimkr.org/eaxplwtc vvgxh
spam,"Exclusive adult content unlocked, verify age here: https://lydcqem.info/bwurljmk dvmzh"
spam,Final notice: unpaid toll detected. Resolve now: https://ubwpjuz.org/abllfsqw szczm
spam,Your Netflix account is suspended. Update payment: https://clsekbb.net/sjabkjew tgwbz
spam,"Exclusive adult content unlocked, verify age here: https://doumxvf.info/vtxdueol dawag"
spam,Thank you for payment! Claim your loyalty reward: https://canmsfc.com/wnfznkda bxnxa
spam,Your credit score qualifies for zero‑interest Visa. Apply: https://facuvmf.com/cmpmsgmb nurgr
spam,You’re eligible for a government refund. Access it now: https://fxrwres.com/tardjrfp reycz
spam,Congratulations! You've won a $500 Amazon gift card. Claim here https://qnyoctd.org/wdeoiuij midgu
spam,You've been selected for a $1000 gift card. Confirm here: https://qvctdul.info/bcrzdyjb cuczi
spam,Meet local singles instantly. Start chat: https://xbperde.info/wnxsyids jfbzx
spam,Thank you for payment! Claim your loyalty reward: https://oilwscx.com/sgriejby ctyrt
spam,Your Netflix account is suspended. Update payment: https://zlspwdu.com/wuzmsgmn cqkqi
spam,This is your boss. Urgent task — send ₹2033 now to this link: https://zsgtxyd.com/ukefogfz vmuzj
spam,We detected unusual login attempt. Secure account: https://qndythk.info/crvphsui lbmel
spam,Your 2FA settings are outdated. Update here: https://laikrtt.info/fdwhpmwr vtkzl
spam,"Exclusive adult content unlocked, verify age here: https://lqratci.com/dkkwwuts wgdry"
spam,Get delivery updates for order #5728. Track here https://mylztuk.com/slpbwrml ouute
spam,You’re eligible for a government refund. Access it now: https://gxvlpid.org/bfxsjyrt yikab
spam,Suspicious activity detected in your account. Review: https://kpoupwl.org/sxntweah djhfj
spam,"Hi Dad, I'm in trouble, need urgent money. Send here: https://ordiyhc.org/bztvvuva snsmj"
spam,"Hi Dad, I'm in trouble, need urgent money. Send here: https://xjrwtif.info/yqzsypwc tuefx"
spam,You are eligible for a refund due to overpayment. Claim: https://cydyimb.com/ohzzmikt rgosg
spam,Suspicious activity detected in your account. Review: https://uicoctw.com/arhbmjif gvnpc
spam,ACTION REQUIRED. Verify your bank account to avoid hold. https://rilcimz.org/pazxpipz ibjps
spam,Final notice: unpaid toll detected. Resolve now: https://sgbdjuw.info/xoqxsmje yhtpm
spam,Your credit score qualifies for zero‑interest Visa. Apply: https://fcoofha.net/xgvnrxoh lgkft
spam,This is your boss. Urgent task — send ₹6811 now to this link: https://agdwidm.net/lytkhuju wclva
spam,This is your boss. Urgent task — send ₹6004 now to this link: https://slyswvk.com/dkzxnqkj arxhq
spam,ACTION REQUIRED. Verify your bank account to avoid hold. https://pceybvz.net/rinwwgtz nzpfz
spam,Your credit score qualifies for zero‑interest Visa. Apply: https://ofvlcxj.com/eiboykya wbymh
spam,Suspicious activity detected in your account. Review: https://jwxwvmz.info/xyxorcfu qkrjw
spam,You've been selected for a $1000 gift card. Confirm here: https://esdghno.info/xmogjetc dwbnq
spam,Issue with your recent payment for order #2750. Fix now: https://cmukssa.info/vhnstxyd chplf
spam,Your credit score qualifies for zero‑interest Visa. Apply: https://tzmglfo.net/bchumyql vxlic
spam,Thank you for payment! Claim your loyalty reward: https://szjgqfy.net/ewcnzsjb kpxcw
spam,We detected unusual login attempt. Secure account: https://rpdbcks.info/idddcutb oerjh
spam,Your parcel is pending customs fee of ₹4972. Pay here: https://kyamqka.org/totshiom rlcmb
spam,"Hi Dad, I'm in trouble, need urgent money. Send here: https://adaoesw.com/hruyjxdf yjhvc"
spam,We received your resume! Schedule interview at https://nlyrpjt.com/vxlvlaug or call +9165357109 adssx
spam,Issue with your recent payment for order #9025. Fix now: https://ukcbnsn.com/stpmvwbx ccsld
spam,ACTION REQUIRED. Verify your bank account to avoid hold. https://xzmtadf.org/ylqzevdm xenai
spam,ACTION REQUIRED. Verify your bank account to avoid hold. https://zgeqmng.info/gszgiyni umesw
spam,Congratulations! You've won a $500 Amazon gift card. Claim here https://cuokhey.info/hykpnyyk sxwhl
spam,Thank you for payment! Claim your loyalty reward: https://yroajfv.com/goksccum rzsyh
spam,Congratulations! You've won a $500 Amazon gift card. Claim here https://csgzrgc.info/sdzbirig ossic
spam,Suspicious activity detected in your account. Review: https://tddlfes.org/pbqluckk txlch
spam,You’re eligible for a government refund. Access it now: https://sifvkiy.net/czuupdun ahzqz
spam,"Hi Dad, I'm in trouble, need urgent money. Send here: https://attiiay.net/gneoszso uerda"
spam,Congratulations! You've won a $500 Amazon gift card. Claim here https://kmqfynj.com/qposakeu cdbvt
spam,You’re eligible for a government refund. Access it now: https://tomcbki.org/vwdljnoi gxzsb
spam,ACTION REQUIRED. Verify your bank account to avoid hold. https://pndvinj.net/zqraoime zmwdo
spam,We received your resume! Schedule interview at https://qxefpdb.org/fgevvreo or call +9152581144 emvff
spam,Meet local singles instantly. Start chat: https://geqzlcd.org/mglsdrti kaghy
spam,Your parcel is pending customs fee of ₹1109. Pay here: https://ortjeys.com/pdgzzbmn wnsfn
spam,Suspicious activity detected in your account. Review: https://beluqxi.info/qubipjln dntuc
spam,You've been selected for a $1000 gift card. Confirm here: https://ckwqqqd.net/jkzczfrj yorhp
spam,Your parcel is pending customs fee of ₹7348. Pay here: https://spbxqhk.info/vzuotolk ztepy
spam,Issue with your recent payment for order #8739. Fix now: https://cxvuwnb.org/dsargtja dclib
spam,Suspicious activity detected in your account. Review: https://vfefpyc.net/jyigjsff oiucx
spam,"Hi Dad, I'm in trouble, need urgent money. Send here: https://bebijnp.org/qmgliiiz exyid"
spam,You’re eligible for a government refund. Access it now: https://cvutzjw.net/hhxthebd rudks
spam,Congratulations! You've won a $500 Amazon gift card. Claim here https://xmzmtyv.net/ajydlsap tfppa
spam,You are eligible for a refund due to overpayment. Claim: https://muwfcek.org/flfsrtwu kmmyv
spam,Thank you for payment! Claim your loyalty reward: https://qqlrexd.com/zrwulsph dwont
spam,You’re eligible for a government refund. Access it now: https://jkdjeem.info/wnijgibp axdax
spam,Thank you for payment! Claim your loyalty reward: https://nqecvyp.info/hsisghir gwyma
spam,ACTION REQUIRED. Verify your bank account to avoid hold. https://qimeugb.com/qybmuxkl qfyny
spam,Issue with your recent payment for order #9130. Fix now: https://beonshc.info/dumsdatd hdbjs
spam,We detected unusual login attempt. Secure account: https://fvlzgxo.net/vyhqzdxb brsqb
spam,You are eligible for a refund due to overpayment. Claim: https://rntsjxj.net/kxhvfbzn bwohk
spam,You’re eligible for a government refund. Access it now: https://mhupzfp.com/atcosczk kwisf
spam,Your parcel is pending customs fee of ₹8396. Pay here: https://yjexfoc.com/hvaesecs cnomc
spam,This is your boss. Urgent task — send ₹3014 now to this link: https://hriopsq.info/kdnyjzzq evnxc
spam,Your 2FA settings are outdated. Update here: https://ccqxybm.info/xbbtlgfu mjsfk
spam,You've been selected for a $1000 gift card. Confirm here: https://krvzmnz.org/jumejwtq kaidj
spam,ACTION REQUIRED. Verify your bank account to avoid hold. https://tlllgtk.com/pcjpcmis spnvh
spam,"Hi Dad, I'm in trouble, need urgent money. Send here: https://koivcos.info/imbosvxs rxgxu"
spam,Suspicious activity detected in your account. Review: https://nsdoemh.info/yzinxwnq djjit
spam,Issue with your recent payment for order #3867. Fix now: https://zhdingo.net/pvbsiutg bkuma
spam,"Exclusive adult content unlocked, verify age here: https://zgdnyzp.com/hlhiuqtw jjwsr"
spam,Meet local singles instantly. Start chat: https://xfygebc.com/rozhfihw byklx
spam,Your Netflix account is suspended. Update payment: https://pnxbmcs.net/dpdwffma euayq
spam,This is your boss. Urgent task — send ₹9689 now to this link: https://fdpgihk.com/bmwokcii nzqtz
spam,We received your resume! Schedule interview at https://ikylaci.com/nrciyymp or call +9178256242 ddcso
spam,You've been selected for a $1000 gift card. Confirm here: https://azifqed.com/mpcozxmu okjis
spam,Your credit score qualifies for zero‑interest Visa. Apply: https://qdbwcda.org/qxidfqor jwcpb
spam,Thank you for payment! Claim your loyalty reward: https://enjvbqc.org/tmnyfnqy cttbo
spam,We detected unusual login attempt. Secure account: https://bligopy.org/iiicradk kibgq
spam,Get delivery updates for order #7093. Track here https://tufoerk.org/rcjjihhc erqxf
spam,You are eligible for a refund due to overpayment. Claim: https://kfhebcm.com/veviqkod ysvfu
spam,Your parcel is pending customs fee of ₹6734. Pay here: https://jnejquf.info/ykrfmddh eszen
spam,You've been selected for a $1000 gift card. Confirm here: https://bgwntzg.org/drnjxhko nncuf
spam,We received your resume! Schedule interview at https://eizhdzz.info/qaaogeyu or call +9181932725 zwvym
spam,You've been selected for a $1000 gift card. Confirm here: https://zxquova.net/qdhmauuq ltvib
spam,Your parcel is pending customs fee of ₹8718. Pay here: https://uqrlooy.net/gydjggic ppbcm
spam,Suspicious activity detected in your account. Review: https://alxjsus.info/mfrrjecq xhjgl
spam,Your 2FA settings are outdated. Update here: https://ixalvdo.info/cdrwkgpv vzgwx
spam,Your parcel is pending customs fee of ₹708. Pay here: https://yjqawor.info/tsqpgfif hesmq
spam,Your Netflix account is suspended. Update payment: https://sczznyp.net/darlhtja hmpux
spam,We received your resume! Schedule interview at https://ozreouj.info/erlmnhmn or call +9192017387 cnukv
spam,"Exclusive adult content unlocked, verify age here: https://feewhtf.net/bostftxy onksm"
spam,We detected unusual login attempt. Secure account: https://spnyexe.net/lsrlllcc lruxe
spam,Issue with your recent payment for order #4046. Fix now: https://qofbrcg.com/urtzxzcu jxunp
spam,Your 2FA settings are outdated. Update here: https://nocbiev.org/hlrfjdzt hyqid
spam,Your 2FA settings are outdated. Update here: https://rdoakww.info/duytvnpq ssvbf
spam,This is your boss. Urgent task — send ₹6557 now to this link: https://coytatj.org/bvcdkfzb htwgb
spam,Final notice: unpaid toll detected. Resolve now: https://fkuvrkx.net/hrdrhofu oadou
spam,You've been selected for a $1000 gift card. Confirm here: https://oxskznc.org/srxrrszi hqfct
spam,"Hi Dad, I'm in trouble, need urgent money. Send here: https://obvkudu.info/yddivlgl tbdtm"
spam,Thank you for payment! Claim your loyalty reward: https://mqkbgaf.org/nldauwgx zklvj
spam,Congratulations! You've won a $500 Amazon gift card. Claim here https://zvnskpx.com/zhonekkm agnaa
spam,"Hi Dad, I'm in trouble, need urgent money. Send here: https://bjcbpel.net/wggbucbr wpcbm"
spam,"Hi Dad, I'm in trouble, need urgent money. Send here: https://ytkxora.com/pswfzkac vatoy"
spam,ACTION REQUIRED. Verify your bank account to avoid hold. https://utzoaov.info/jjbsuuvp acyln
spam,Congratulations! You've won a $500 Amazon gift card. Claim here https://ijwilhq.info/lxnfuugm apgiu
spam,Final notice: unpaid toll detected. Resolve now: https://obbymdr.com/tobzrkma msimv
spam,This is your boss. Urgent task — send ₹4451 now to this link: https://ibxzrej.net/qogttpvu xgoub
spam,This is your boss. Urgent task — send ₹1293 now to this link: https://puvlfgb.net/oerjmeev qscyp
spam,Suspicious activity detected in your account. Review: https://amuvkyl.org/lviajxeo lllfq
spam,Your credit score qualifies for zero‑interest Visa. Apply: https://ngzjpjc.net/nrshkuna dlrrv
spam,You’re eligible for a government refund. Access it now: https://jiwiqot.info/rfajthps emfdx
spam,ACTION REQUIRED. Verify your bank account to avoid hold. https://hxpnxzk.info/argmdmot uxsjk
spam,Thank you for payment! Claim your loyalty reward: https://rojyidc.net/jobzawud nzxwa
spam,Suspicious activity detected in your account. Review: https://cdaqpjh.info/xlffmxpp ojabo
spam,You are eligible for a refund due to overpayment. Claim: https://plchphh.com/tfiegyvr uovea
spam,Meet local singles instantly. Start chat: https://kfpcbxd.info/rffeixje kzgqs
spam,You've been selected for a $1000 gift card. Confirm here: https://ehylfjn.net/bhqnjatz ygpcv
spam,Your credit score qualifies for zero‑interest Visa. Apply: https://ttbeiqz.net/vhqnvfzc ajcik
spam,"Hi Dad, I'm in trouble, need urgent money. Send here: https://dqiwcpx.com/hsbplxpl ohiye"
spam,You've been selected for a $1000 gift card. Confirm here: https://qimlnoq.com/yruffsfb elpvg
spam,ACTION REQUIRED. Verify your bank account to avoid hold. https://xrjvmmb.net/vtmmmysj ypnas
spam,Your parcel is pending customs fee of ₹9022. Pay here: https://welafrn.info/mzvdrfng ojidd
spam,Your 2FA settings are outdated. Update here: https://pafmaoo.org/croqtyfw gzjkg
spam,You are eligible for a refund due to overpayment. Claim: https://nzypiot.info/cjdjaeyx ycsyu
spam,You are eligible for a refund due to overpayment. Claim: https://xzljxmx.net/jvfvimvr rmvhx
spam,You’re eligible for a government refund. Access it now: https://axenuzr.net/jtxqjjkn higko
spam,Congratulations! You've won a $500 Amazon gift card. Claim here https://qtnfaco.com/yafltsdp fcvco
spam,Your parcel is pending customs fee of ₹9346. Pay here: https://rszhccl.net/uyeyhorx yqtnf
spam,Get delivery updates for order #9204. Track here https://eouaudd.com/acndurtj olaid
spam,Congratulations! You've won a $500 Amazon gift card. Claim here https://xsqmhwx.net/cybiivmu vadhr
spam,Congratulations! You've won a $500 Amazon gift card. Claim here https://iddokwq.com/fvlvjblj tunhd
spam,Get delivery updates for order #9409. Track here https://ymwihkb.info/zupfveap ovgfm
spam,Your Netflix account is suspended. Update payment: https://lcqatbg.org/snjsjguh uyjsc
spam,Your 2FA settings are outdated. Update here: https://uylufia.org/lpabqerk aexms
spam,You are eligible for a refund due to overpayment. Claim: https://nnnovek.com/hlnqfkvk noinh
spam,Get delivery updates for order #3545. Track here https://igwiotb.com/hiqrqsnf gmitd
spam,"Exclusive adult content unlocked, verify age here: https://fmwbjia.net/vururwme cckwo"
spam,Thank you for payment! Claim your loyalty reward: https://bxnmioe.net/rozcmuuq ppekz
spam,"Exclusive adult content unlocked, verify age here: https://gcpkvpf.info/lawxgngf bfnsl"
spam,Your parcel is pending customs fee of ₹7023. Pay here: https://qrncbyh.info/xvjfwqfe gsfsh
spam,Get delivery updates for order #6687. Track here https://xxwmlwy.info/xqyrolrw choqb
spam,Final notice: unpaid toll detected. Resolve now: https://urgkmol.net/vtxrqugz rxyih
spam,Meet local singles instantly. Start chat: https://ncroslb.net/zzkfqils sperf
spam,Meet local singles instantly. Start chat: https://rdbmpcf.info/oznruhit ehwyc
spam,Issue with your recent payment for order #6038. Fix now: https://yhfgkbq.info/szlcmwdl ggqod
spam,Congratulations! You've won a $500 Amazon gift card. Claim here https://nfqthxj.com/txbmfidz sadtn
spam,Issue with your recent payment for order #871. Fix now: https://vzghfgn.info/yfogrkzq psdnn
spam,Get delivery updates for order #5816. Track here https://wworxyb.net/kwhlmshy ilgkh
spam,Issue with your recent payment for order #1050. Fix now: https://ziautzp.info/tygvytqo srlrx
spam,Final notice: unpaid toll detected. Resolve now: https://gqrhaju.net/rbonnkje wicjq
spam,Get delivery updates for order #2171. Track here https://fzaawot.org/lztcztpk ekquk
spam,Issue with your recent payment for order #9268. Fix now: https://stidkfa.com/kvevfjkd znoec
spam,Issue with your recent payment for order #9022. Fix now: https://bmbgbla.com/ulmijeca wdnwt
spam,Issue with your recent payment for order #936. Fix now: https://tigfyzy.org/gqsrjryq tkbav
spam,You’re eligible for a government refund. Access it now: https://cjomzdm.net/wngtgrqu gwllx
spam,This is your boss. Urgent task — send ₹8025 now to this link: https://hixwsmo.info/fqceqxmz okleu
spam,Your Netflix account is suspended. Update payment: https://eyooaod.com/xyoezxoz moktk
spam,Meet local singles instantly. Start chat: https://cuxtiaw.net/jrbkdctm kzrkh
spam,Issue with your recent payment for order #2965. Fix now: https://tdgsrvq.info/tnvlatcm mdjhd
spam,Issue with your recent payment for order #7134. Fix now: https://tycvqbu.org/imwuzbfi ttqal
spam,Suspicious activity detected in your account. Review: https://hheaohf.net/epxmpwnr vavxe
spam,Your credit score qualifies for zero‑interest Visa. Apply: https://vysmvuh.info/tnwfkmij slswx
spam,Final notice: unpaid toll detected. Resolve now: https://vdrodvv.org/wjcqjvxx msery
spam,Get delivery updates for order #535. Track here https://bfxugfr.org/bxlyilyd tiqcn
spam,Suspicious activity detected in your account. Review: https://xlxnysz.info/vvcatzyg fxcou
spam,Your credit score qualifies for zero‑interest Visa. Apply: https://vnbdpyn.info/ltugqitk pqmdj
spam,Meet local singles instantly. Start chat: https://cedkxtr.net/izfwxwce cgamn
spam,Get delivery updates for order #8388. Track here https://rqrknxk.org/xqugdsxn fzfwq
spam,Issue with your recent payment for order #318. Fix now: https://apqmptv.org/bqkpjrba nfqhv
spam,Thank you for payment! Claim your loyalty reward: https://zktqaon.info/ivtfqyqr mthlj
spam,Meet local singles instantly. Start chat: https://gehtdkz.com/miojzaub lujyf
spam,Your credit score qualifies for zero‑interest Visa. Apply: https://rvzvfpl.net/wpkwtahq eetvg
spam,"Exclusive adult content unlocked, verify age here: https://zfisnqu.info/kzpawxfs cavwz"
spam,Your parcel is pending customs fee of ₹4196. Pay here: https://afdvgxf.org/mtzbdzkx zjreg
spam,Your 2FA settings are outdated. Update here: https://iknwpsx.com/louljnsn tswep
spam,Suspicious activity detected in your account. Review: https://nrjcjsi.net/cgiglfys ndbyi
spam,This is your boss. Urgent task — send ₹104 now to this link: https://ztjlssu.org/onkvcgwo ppxux
spam,Your Netflix account is suspended. Update payment: https://rcugfzg.com/luusksns kneqz
spam,You've been selected for a $1000 gift card. Confirm here: https://gyflxvr.net/ouenvqec llrdq
spam,Get delivery updates for order #7468. Track here https://pllqllw.org/nytgrkkc jclsc
spam,Your credit score qualifies for zero‑interest Visa. Apply: https://rspsrpu.com/edjtfgfa jride
spam,Congratulations! You've won a $500 Amazon gift card. Claim here https://wscwvpo.net/ixlckxty gibnk
spam,ACTION REQUIRED. Verify your bank account to avoid hold. https://momwfdw.com/vjhnrrbs awtnp
spam,Your 2FA settings are outdated. Update here: https://seegdho.net/sqqmxwyp ppedw
spam,You've been selected for a $1000 gift card. Confirm here: https://rvqmukj.com/zivlzuqw nyxzv
spam,Issue with your recent payment for order #7877. Fix now: https://tpgwovc.info/xcarthtd vcnha
spam,Your Netflix account is suspended. Update payment: https://efguatu.net/gxiaqnpq hhqxo
spam,Get delivery updates for order #8504. Track here https://bjiueuk.info/jyeoregu kmtzz
spam,Final notice: unpaid toll detected. Resolve now: https://vdctsse.net/jwjnyyfe adtza
spam,ACTION REQUIRED. Verify your bank account to avoid hold. https://edridgw.org/sjtrzoaf mbczi
spam,"Hi Dad, I'm in trouble, need urgent money. Send here: https://nntqlpg.net/filpkplb uvymw"
spam,Your parcel is pending customs fee of ₹1734. Pay here: https://uunkhae.info/fdxbcrir zukxx
spam,Congratulations! You've won a $500 Amazon gift card. Claim here https://bxcicqp.info/btcdotuc znggc
spam,You are eligible for a refund due to overpayment. Claim: https://rhjbfyh.net/zwdsapno gbujx
spam,Issue with your recent payment for order #118. Fix now: https://mfjjfls.org/hzspbwuw wbdyy
spam,This is your boss. Urgent task — send ₹35 now to this link: https://zmtuvmp.com/mdncwgic gwbvf
spam,Congratulations! You've won a $500 Amazon gift card. Claim here https://qypocvs.com/ixnaghdc tisji
spam,Get delivery updates for order #6765. Track here https://egqplrz.org/zpuayzqu azvbd
spam,Get delivery updates for order #6474. Track here https://typpsiq.info/tudbruop nqgcn
spam,This is your boss. Urgent task — send ₹6932 now to this link: https://peawqxv.net/ifyaddgu vtzee
spam,You've been selected for a $1000 gift card. Confirm here: https://iisaotu.com/myljzent bawhs
spam,Thank you for payment! Claim your loyalty reward: https://qhwisnd.info/yabnioen anxaf
spam,You are eligible for a refund due to overpayment. Claim: https://wfwrfna.net/rksmvrgy uemgf
spam,You are eligible for a refund due to overpayment. Claim: https://yqqkxqz.com/kddbowcf idams
spam,Final notice: unpaid toll detected. Resolve now: https://kxradmd.net/pcvxznpe futuf
spam,"Hi Dad, I'm in trouble, need urgent money. Send here: https://dncwtex.info/sgoajrki qabao"
spam,ACTION REQUIRED. Verify your bank account to avoid hold. https://qfzcxvx.info/tqiidsek aonrj
spam,We received your resume! Schedule interview at https://ijmmpsu.net/ngcokngp or call +9194076151 fxchs
spam,We detected unusual login attempt. Secure account: https://xmufhah.com/gkxsacot jhpdv
spam,Your credit score qualifies for zero‑interest Visa. Apply: https://uvmqxqt.com/bptggbht xyfad
spam,Final notice: unpaid toll detected. Resolve now: https://mvqknaj.net/tlxexxvr ardtq
spam,Your parcel is pending customs fee of ₹7065. Pay here: https://unwtlcb.net/hipnlksc wowlm
spam,ACTION REQUIRED. Verify your bank account to avoid hold. https://blugndo.org/qitlrrdj ksxpq
spam,Issue with your recent payment for order #1066. Fix now: https://cgtdgni.net/ylstrqsn gwkzv
spam,Final notice: unpaid toll detected. Resolve now: https://eysomul.net/ywsoocxi gpyso
spam,Your parcel is pending customs fee of ₹986. Pay here: https://ikzdrbk.com/rauembyg iiuhp
spam,Thank you for payment! Claim your loyalty reward: https://fbsguli.org/ldzuhzgi cydlf
spam,This is your boss. Urgent task — send ₹2487 now to this link: https://sgpslxw.com/miktizpb fuddo
spam,Congratulations! You've won a $500 Amazon gift card. Claim here https://bxcxsto.com/zrvhocte sjqju
spam,You've been selected for a $1000 gift card. Confirm here: https://mqaxidd.com/atmrwufl synak
spam,Meet local singles instantly. Start chat: https://yzvzumf.com/hmituyox rmmjs
spam,Final notice: unpaid toll detected. Resolve now: https://yunpfhh.info/mapkpomt yrzje
spam,Your 2FA settings are outdated. Update here: https://sfkvpnb.com/kcvrqvuc reowu
spam,We detected unusual login attempt. Secure account: https://uvughlq.com/xdihfszc wwhfr
spam,"Exclusive adult content unlocked, verify age here: https://scgcnsr.net/ejkudwvv fbmbg"
spam,You've been selected for a $1000 gift card. Confirm here: https://vappryh.net/gglwqegv ktjyk
spam,You are eligible for a refund due to overpayment. Claim: https://ltdqhiq.com/eeouysli rmoww
spam,"Hi Dad, I'm in trouble, need urgent money. Send here: https://jnnvfbg.org/kjyqdnbe jftmx"
spam,This is your boss. Urgent task — send ₹2386 now to this link: https://dlvqvgf.info/arhlqfqp tsnja
spam,Suspicious activity detected in your account. Review: https://ebolemf.com/ntxgpvam fdddv
spam,You've been selected for a $1000 gift card. Confirm here: https://rwitvjf.org/wbjvqnbj fxyyd
spam,You've been selected for a $1000 gift card. Confirm here: https://kjktxju.org/uykjyjth pbuud
spam,"Hi Dad, I'm in trouble, need urgent money. Send here: https://qeghcym.info/ywjzltjh nlaac"
spam,"Hi Dad, I'm in trouble, need urgent money. Send here: https://cxcetal.org/gvkzbhkv denxy"
spam,"Hi Dad, I'm in trouble, need urgent money. Send here: https://dowdjye.net/mimjxlvx shmck"
spam,Suspicious activity detected in your account. Review: https://dnmzvlh.com/dfoywcuz mkjyy
spam,Your Netflix account is suspended. Update payment: https://ogtjxil.net/vegheljk afctv
spam,Your parcel is pending customs fee of ₹9769. Pay here: https://qyavnvs.info/aignjxxs fjtrx
spam,You've been selected for a $1000 gift card. Confirm here: https://zpjaeeu.net/zsbwnheu sdxdf
spam,Final notice: unpaid toll detected. Resolve now: https://foajqxy.org/pybuwwot jykru
spam,You are eligible for a refund due to overpayment. Claim: https://gydglut.org/ntieeuty owvwj
spam,You’re eligible for a government refund. Access it now: https://gerbenj.org/tmpprekr lbqbh
spam,ACTION REQUIRED. Verify your bank account to avoid hold. https://pbukgzh.org/ashbpgsl ddqis
spam,Meet local singles instantly. Start chat: https://nbadpks.net/recyxkro omutv
spam,Your Netflix account is suspended. Update payment: https://dhmeqpo.info/wbsbnheu drqyt
spam,We detected unusual login attempt. Secure account: https://txguuyp.info/azlofmsn xhxiz
spam,We detected unusual login attempt. Secure account: https://mfawpww.org/bcxohpna kdfjc
spam,Your parcel is pending customs fee of ₹3972. Pay here: https://zebmovw.org/ftvfqwih tzene
spam,Meet local singles instantly. Start chat: https://rhgtort.com/gmpzuohb gttpg
spam,ACTION REQUIRED. Verify your bank account to avoid hold. https://hrguuxf.info/rztwigzo ellwg
spam,ACTION REQUIRED. Verify your bank account to avoid hold. https://tijsjwc.org/qelzokii patro
spam,We received your resume! Schedule interview at https://moabpra.com/fkxcutcq or call +9178915925 eyebw
spam,Congratulations! You've won a $500 Amazon gift card. Claim here https://cipbyvg.info/ucqwgyma lwent
spam,You’re eligible for a government refund. Access it now: https://zjocjae.net/zrhfktnv hrjya
spam,Issue with your recent payment for order #8010. Fix now: https://reqywbf.com/ilvjrfsu nqqsq
spam,Your parcel is pending customs fee of ₹1791. Pay here: https://gsijfdm.com/lavxkqet ozyur
spam,Final notice: unpaid toll detected. Resolve now: https://wnhladr.com/rhwdtnca dlqsr
spam,"Exclusive adult content unlocked, verify age here: https://ppvjeqx.net/pecwtsuh eiakj"
spam,Meet local singles instantly. Start chat: https://blmqgbr.net/krekelgn tbybb
spam,Thank you for payment! Claim your loyalty reward: https://desyotj.info/nllinecb anviz
spam,You've been selected for a $1000 gift card. Confirm here: https://iibedkz.com/bhxoambz pwaaa
spam,You've been selected for a $1000 gift card. Confirm here: https://cwneqxo.info/fsojnaqi deqkp
spam,You’re eligible for a government refund. Access it now: https://aayvahg.net/whkmeovx uwgzm
spam,We received your resume! Schedule interview at https://zntpxvg.org/pgnnofvu or call +9169768065 zescn
spam,Final notice: unpaid toll detected. Resolve now: https://yndhkbq.info/owhggqwu brpej
spam,Get delivery updates for order #8703. Track here https://bwwadvc.org/hppdbzio hvvoa
spam,Your credit score qualifies for zero‑interest Visa. Apply: https://hwparfs.net/cazryfsi elumf
spam,Your Netflix account is suspended. Update payment: https://llnffei.org/melelljg yxrwv
spam,Your 2FA settings are outdated. Update here: https://oqyqmpj.com/rbihoetu kisof
spam,You've been selected for a $1000 gift card. Confirm here: https://dvxbtlk.org/gjnqiioc odrpt
spam,We detected unusual login attempt. Secure account: https://rsjogxv.net/omyxornb dichq
spam,Final notice: unpaid toll detected. Resolve now: https://aangwcj.info/srkhgqwg dedre
spam,Your Netflix account is suspended. Update payment: https://bqaxgev.org/rxgrdxam imswc
spam,ACTION REQUIRED. Verify your bank account to avoid hold. https://dcjpvud.info/kmrmlhiv ailxt
spam,Congratulations! You've won a $500 Amazon gift card. Claim here https://gzukode.info/tfgpakmn pmzyx
spam,Congratulations! You've won a $500 Amazon gift card. Claim here https://hvkweht.org/gtqxxlbt ozpwh
spam,Your 2FA settings are outdated. Update here: https://vlnvusr.org/vfuwoctt wcdma
spam,"Hi Dad, I'm in trouble, need urgent money. Send here: https://oshbzsz.net/viqqcvex xdscu"
spam,"Hi Dad, I'm in trouble, need urgent money. Send here: https://fwvfwbj.com/lsjszojp hxjng"
spam,You are eligible for a refund due to overpayment. Claim: https://pwjbzdo.com/yknwlnvk ecniu
spam,Congratulations! You've won a $500 Amazon gift card. Claim here https://cchficw.com/xyuztwgb ifgwy
spam,You've been selected for a $1000 gift card. Confirm here: https://uciblho.org/bzfmhgbv dghby
spam,Your parcel is pending customs fee of ₹8753. Pay here: https://rraqntf.net/btxgursq podpc
spam,"Exclusive adult content unlocked, verify age here: https://zydyxfj.org/ndrvbugy itopn"
spam,Your parcel is pending customs fee of ₹2055. Pay here: https://vmgmaiy.net/gpxtcmtj iitcx
spam,Thank you for payment! Claim your loyalty reward: https://vglvxer.info/pwpitkmz oefxg
spam,Your credit score qualifies for zero‑interest Visa. Apply: https://bjbxhkb.net/obnstlql svpao
spam,Your parcel is pending customs fee of ₹5934. Pay here: https://udcsqez.org/xpkkqdla uzmgg
spam,You've been selected for a $1000 gift card. Confirm here: https://iofjiia.org/dixqevbu soqvo
spam,Suspicious activity detected in your account. Review: https://wwctmvn.org/zbpondmn jfxmt
spam,Your 2FA settings are outdated. Update here: https://xdvfrgg.com/qsvbjfwr qboao
spam,Your 2FA settings are outdated. Update here: https://prbkyhm.info/gqtatlqp dmixq
spam,Final notice: unpaid toll detected. Resolve now: https://wehikjj.org/ryghmfcn xvnjt
spam,This is your boss. Urgent task — send ₹8807 now to this link: https://mvvjpcr.org/flmsuzxw owfnl
spam,We detected unusual login attempt. Secure account: https://eyrbtmp.com/ejreqngf lnpkb
spam,Suspicious activity detected in your account. Review: https://tjapbtg.com/vyljhqlt phrud
spam,"Hi Dad, I'm in trouble, need urgent money. Send here: https://opumsie.net/wogzoigd zlhxi"
spam,We detected unusual login attempt. Secure account: https://nlnalro.com/rhxndbjk qghwe
spam,Get delivery updates for order #5121. Track here https://dogxpkx.info/hhrygiux gimue
spam,"Hi Dad, I'm in trouble, need urgent money. Send here: https://prlagdz.com/dbwqfakw kcrxr"
spam,"Hi Dad, I'm in trouble, need urgent money. Send here: https://riqviin.info/jptdeqwq odewf"
spam,We detected unusual login attempt. Secure account: https://txaprse.org/zwixxngh gmapx
spam,Meet local singles instantly. Start chat: https://iicrlby.net/vuviqsjk cxkfv
spam,ACTION REQUIRED. Verify your bank account to avoid hold. https://xmkacje.org/pqtqteuz otzke
spam,Issue with your recent payment for order #5904. Fix now: https://jgkbrin.com/klxprdxb xkqwy
spam,Suspicious activity detected in your account. Review: https://hrwyvic.net/etnzdvei sysme
spam,"Exclusive adult content unlocked, verify age here: https://xksjmrw.com/aprmlvgy fmkpj"
spam,Final notice: unpaid toll detected. Resolve now: https://kiaplec.com/eioxtuap bkrxa
spam,"Exclusive adult content unlocked, verify age here: https://qqpnqux.com/yzlrchii btsmn"
spam,This is your boss. Urgent task — send ₹5868 now to this link: https://xlcwlyp.com/frvrzbua uunas
spam,You are eligible for a refund due to overpayment. Claim: https://bryaprt.info/scdblilr yhman
spam,"Hi Dad, I'm in trouble, need urgent money. Send here: https://foumced.net/vzoiqfyp szzpr"
spam,Your credit score qualifies for zero‑interest Visa. Apply: https://dbdrkxj.org/wvpykpkh qpzhg
spam,ACTION REQUIRED. Verify your bank account to avoid hold. https://sabesem.com/plzvelpl hwuaz
spam,Thank you for payment! Claim your loyalty reward: https://wjhcnef.org/oxhblkcx fbrrk
spam,You've been selected for a $1000 gift card. Confirm here: https://svkpcaj.net/mpnpfeel dgezk
spam,Suspicious activity detected in your account. Review: https://wlbnhgn.org/bjexemmp yhcma
spam,Final notice: unpaid toll detected. Resolve now: https://ftrpcfv.info/riaoziyh wrsbt
spam,Thank you for payment! Claim your loyalty reward: https://upwdgxs.net/zjsfiyhj imvbb
spam,Suspicious activity detected in your account. Review: https://zwhykfv.net/rancdluw xxebp
spam,This is your boss. Urgent task — send ₹3960 now to this link: https://sfpulkl.org/rwivwwrk yfhlj
spam,Final notice: unpaid toll detected. Resolve now: https://orqbqbq.info/dnfwufpw ckkbj
spam,Get delivery updates for order #1118. Track here https://jrtkbro.net/zdjpgfyf prida
spam,"Exclusive adult content unlocked, verify age here: https://yufksrj.info/gurffgry dtanm"
spam,Thank you for payment! Claim your loyalty reward: https://sloizhi.info/ejomuifo ihgfv
spam,Get delivery updates for order #1383. Track here https://gqiwsdv.net/rgsjuqxk iuejr
spam,Meet local singles instantly. Start chat: https://jtvcoml.org/dnngtbki jcamj
spam,We detected unusual login attempt. Secure account: https://jojgllt.info/dixjjmsc ejbif
spam,This is your boss. Urgent task — send ₹1558 now to this link: https://kdbnnai.org/txngzwxc wnxux
spam,Congratulations! You've won a $500 Amazon gift card. Claim here https://fberkww.info/vapqwmsz lhcoi
spam,We detected unusual login attempt. Secure account: https://frljyqd.org/nhkytbnd zryio
spam,Issue with your recent payment for order #1058. Fix now: https://dhlpvnu.net/cxtzapqm oqljf
spam,ACTION REQUIRED. Verify your bank account to avoid hold. https://vnlxhmk.org/groooesf husid
spam,Meet local singles instantly. Start chat: https://uuabaab.info/bdfvlloa tspxz
spam,Your 2FA settings are outdated. Update here: https://fbmgmdy.net/duawphlu dcdzy
spam,"Exclusive adult content unlocked, verify age here: https://efwrstw.org/aajjrtjg xhvfb"
spam,We detected unusual login attempt. Secure account: https://ihccixt.net/yfgkgszh mqlda
spam,We received your resume! Schedule interview at https://dcxmypq.com/mglwlyeq or call +9190171143 rgduc
spam,We detected unusual login attempt. Secure account: https://dslbkkd.info/kivnvawt fzwdd
spam,Congratulations! You've won a $500 Amazon gift card. Claim here https://aanegme.org/hkrxccfq zjwbe
spam,You've been selected for a $1000 gift card. Confirm here: https://yrmekag.com/qncbtdlw mkaak
spam,Congratulations! You've won a $500 Amazon gift card. Claim here https://pfxpwue.com/iaisoxyp xfeln
spam,You’re eligible for a government refund. Access it now: https://plkupuv.org/wdrlipgs vyuxt
spam,Your parcel is pending customs fee of ₹877. Pay here: https://aalmoqt.com/eumhhnmm wcupu
spam,Your parcel is pending customs fee of ₹5005. Pay here: https://raarojl.com/buwtrcsz echce
